,activation_hidden,alpha,batch_size,epochs,hidden_layer_sizes,lambd,learning_rate,learning_rate_init,nesterov,tau
0,logistic,0.75,128,500,"[60, 30]",0.0005,linear_decay,0.1,False,200
1,logistic,0.75,128,500,"[60, 30]",0.0005,linear_decay,0.1,False,500
2,logistic,0.75,128,500,"[60, 30]",0.001,linear_decay,0.1,False,500
3,logistic,0.75,128,500,"[30, 30, 30]",0.0005,linear_decay,0.1,False,200
4,logistic,0.75,128,500,"[30, 30, 30]",0.0001,linear_decay,0.1,False,200
5,logistic,0.8,128,500,"[30, 60]",0.00025,linear_decay,0.1,False,200
6,logistic,0.75,128,500,"[60, 30]",0.00025,linear_decay,0.1,False,500
7,logistic,0.8,128,500,"[30, 30, 30]",0.0001,linear_decay,0.1,False,200
8,logistic,0.8,128,500,"[30, 30, 30]",0.0005,linear_decay,0.1,False,200
9,logistic,0.75,128,500,"[30, 30, 30]",0.00025,linear_decay,0.1,False,200
10,logistic,0.8,128,500,"[30, 60]",0.0001,linear_decay,0.1,False,200
11,logistic,0.8,128,500,"[30, 30, 30]",0.00025,linear_decay,0.1,False,200
12,logistic,0.8,128,500,"[60, 30]",0.0005,linear_decay,0.1,False,200
13,logistic,0.8,128,500,"[60, 30]",0.0001,linear_decay,0.1,True,200
14,logistic,0.75,128,500,"[60, 30]",0.001,linear_decay,0.1,True,200
15,logistic,0.75,128,500,"[30, 60]",0.001,linear_decay,0.1,False,500
16,logistic,0.75,128,500,"[30, 60]",0.001,linear_decay,0.1,False,200
17,logistic,0.75,128,500,"[30, 30]",0.001,linear_decay,0.1,False,200
18,logistic,0.75,128,500,"[60, 30]",0.00025,linear_decay,0.1,False,200
19,logistic,0.8,128,500,"[30, 30]",0.001,linear_decay,0.1,False,500
20,logistic,0.8,128,500,"[30, 60]",0.001,linear_decay,0.1,False,200
21,logistic,0.8,128,500,"[60, 30]",0.001,linear_decay,0.1,False,200
22,logistic,0.8,128,500,"[60, 30]",0.0005,linear_decay,0.1,False,500
23,logistic,0.75,128,500,"[30, 30, 30]",0.001,linear_decay,0.1,False,200
24,logistic,0.75,128,500,"[30, 60]",0.0005,linear_decay,0.1,False,500
25,logistic,0.75,128,500,"[30, 30, 30]",0.001,linear_decay,0.1,True,200
26,logistic,0.75,128,500,"[30, 30]",0.001,linear_decay,0.1,True,500
27,logistic,0.8,128,500,"[60, 30]",0.0001,linear_decay,0.1,False,200
28,logistic,0.8,128,500,"[60, 30]",0.00025,linear_decay,0.1,True,200
29,logistic,0.85,128,500,"[30, 30]",0.0005,linear_decay,0.1,False,200
30,logistic,0.75,128,500,"[60, 30]",0.0001,linear_decay,0.1,False,200
31,logistic,0.75,128,500,"[30, 30]",0.001,linear_decay,0.1,False,500
32,logistic,0.8,128,500,"[60, 30]",0.00025,linear_decay,0.1,False,200
33,logistic,0.75,128,500,"[30, 30, 30]",0.00025,linear_decay,0.1,False,500
34,logistic,0.75,128,500,"[30, 30]",0.00025,linear_decay,0.1,False,200
35,logistic,0.85,128,500,"[30, 30]",0.0005,linear_decay,0.1,False,500
36,logistic,0.8,128,500,"[30, 30, 30]",0.001,linear_decay,0.1,False,200
37,logistic,0.8,128,500,"[60, 30]",0.0001,linear_decay,0.1,False,500
38,logistic,0.8,128,500,"[60, 30]",0.001,linear_decay,0.1,False,500
39,logistic,0.8,128,500,"[60, 30]",0.00025,linear_decay,0.1,False,500
40,logistic,0.8,128,500,"[60, 30]",0.0001,linear_decay,0.01,True,500
41,logistic,0.75,128,500,"[30, 30]",0.0005,linear_decay,0.1,False,500
42,logistic,0.8,128,500,"[30, 30, 30]",0.0001,linear_decay,0.01,False,500
43,logistic,0.8,128,500,"[30, 30]",0.0001,linear_decay,0.1,False,200
44,logistic,0.75,128,500,"[30, 30, 30]",0.0001,linear_decay,0.01,False,500
45,logistic,0.8,128,500,"[30, 30, 30]",0.0001,linear_decay,0.01,True,500
46,logistic,0.75,128,500,"[30, 30]",0.0001,linear_decay,0.1,False,500
47,logistic,0.75,128,500,"[60, 30]",0.001,linear_decay,0.1,False,200
48,logistic,0.8,128,500,"[30, 30, 30]",0.00025,linear_decay,0.01,False,500
49,logistic,0.8,128,500,"[30, 30]",0.00025,linear_decay,0.1,True,200
50,logistic,0.8,128,500,"[30, 30]",0.0005,linear_decay,0.1,True,200
51,logistic,0.75,128,500,"[30, 30]",0.0001,linear_decay,0.01,False,500
52,logistic,0.75,128,500,"[30, 30, 30]",0.0005,linear_decay,0.1,False,500
53,logistic,0.75,128,500,"[30, 60]",0.0005,linear_decay,0.1,False,200
54,logistic,0.8,128,500,"[30, 30]",0.0005,linear_decay,0.1,False,200
55,logistic,0.75,128,500,"[30, 60]",0.0001,linear_decay,0.1,False,200
56,logistic,0.75,128,500,"[30, 30]",0.0005,linear_decay,0.1,True,200
57,logistic,0.8,128,500,"[30, 60]",0.0005,linear_decay,0.1,False,200
58,logistic,0.75,128,500,"[30, 30]",0.00025,linear_decay,0.1,True,200
59,logistic,0.85,128,500,"[30, 30]",0.0001,linear_decay,0.1,True,200
60,logistic,0.85,128,500,"[30, 30]",0.00025,linear_decay,0.01,True,500
61,logistic,0.75,128,500,"[30, 30, 30]",0.0005,linear_decay,0.1,True,200
62,logistic,0.75,128,500,"[30, 30, 30]",0.0001,linear_decay,0.1,True,500
63,logistic,0.8,128,500,"[30, 30]",0.00025,linear_decay,0.1,False,200
64,logistic,0.85,128,500,"[30, 30]",0.00025,linear_decay,0.1,False,200
65,logistic,0.85,128,500,"[30, 30]",0.0001,linear_decay,0.01,False,500
66,logistic,0.8,128,500,"[30, 30]",0.001,linear_decay,0.1,True,200
67,logistic,0.75,128,500,"[30, 30]",0.0005,linear_decay,0.1,False,200
68,logistic,0.8,128,500,"[30, 30]",0.0001,linear_decay,0.01,False,500
69,logistic,0.75,128,500,"[60, 30]",0.0001,linear_decay,0.1,False,500
70,logistic,0.8,128,500,"[30, 30]",0.001,linear_decay,0.1,False,200
71,logistic,0.75,128,500,"[60, 30]",0.0001,linear_decay,0.01,True,500
72,logistic,0.8,128,500,"[60, 30]",0.0005,linear_decay,0.1,True,200
73,logistic,0.75,128,500,"[30, 30, 30]",0.0001,linear_decay,0.01,True,500
74,logistic,0.8,128,500,"[30, 30, 30]",0.00025,linear_decay,0.01,True,500
75,logistic,0.8,128,500,"[30, 30, 30]",0.00025,linear_decay,0.1,False,500
76,logistic,0.8,128,500,"[60, 30]",0.00025,linear_decay,0.01,False,500
77,logistic,0.8,128,500,"[60, 30]",0.00025,linear_decay,0.01,True,500
78,logistic,0.8,128,500,"[30, 30]",0.00025,linear_decay,0.01,False,500
79,logistic,0.75,128,500,"[30, 60]",0.00025,linear_decay,0.1,False,200
80,logistic,0.8,128,500,"[30, 30]",0.0001,linear_decay,0.01,True,500
81,logistic,0.8,128,500,"[30, 60]",0.001,linear_decay,0.1,False,500
82,logistic,0.75,128,500,"[60, 30]",0.0001,linear_decay,0.1,True,200
83,logistic,0.75,128,500,"[30, 30, 30]",0.00025,linear_decay,0.01,False,500
84,logistic,0.8,128,500,"[30, 30]",0.0001,linear_decay,0.1,False,500
85,logistic,0.75,128,500,"[30, 30]",0.0001,linear_decay,0.1,False,200
86,logistic,0.75,128,500,"[60, 30]",0.00025,linear_decay,0.1,True,500
87,logistic,0.85,128,500,"[30, 30]",0.0005,linear_decay,0.01,False,500
88,logistic,0.85,128,500,"[30, 30]",0.0001,linear_decay,0.01,True,500
89,logistic,0.75,128,500,"[30, 60]",0.00025,linear_decay,0.1,False,500
90,logistic,0.75,128,500,"[30, 30, 30]",0.00025,linear_decay,0.01,True,500
91,logistic,0.8,128,500,"[30, 30, 30]",0.0001,linear_decay,0.1,True,200
92,logistic,0.8,128,500,"[60, 30]",0.0001,linear_decay,0.01,False,500
93,logistic,0.75,128,500,"[30, 30]",0.001,linear_decay,0.1,True,200
94,logistic,0.8,128,500,"[30, 60]",0.0001,linear_decay,0.01,False,500
95,logistic,0.8,128,500,"[30, 30]",0.00025,linear_decay,0.1,False,500
96,logistic,0.75,128,500,"[30, 30]",0.00025,linear_decay,0.1,True,500
97,logistic,0.75,128,500,"[30, 30]",0.0001,linear_decay,0.01,True,500
98,logistic,0.75,128,500,"[60, 30]",0.00025,linear_decay,0.1,True,200
99,logistic,0.8,128,500,"[30, 30]",0.00025,linear_decay,0.01,True,500
100,logistic,0.8,128,500,"[30, 60]",0.0005,linear_decay,0.1,False,500
101,logistic,0.85,128,500,"[30, 30]",0.00025,linear_decay,0.01,False,500
102,logistic,0.8,128,500,"[30, 30, 30]",0.0001,linear_decay,0.01,False,200
103,logistic,0.75,128,500,"[30, 30]",0.0005,linear_decay,0.1,True,500
104,logistic,0.75,128,500,"[30, 30, 30]",0.001,linear_decay,0.1,False,500
105,logistic,0.9,128,500,"[30, 30, 30]",0.0001,fixed,0.001,True,200
106,logistic,0.75,128,500,"[30, 30]",0.00025,linear_decay,0.1,False,500
107,logistic,0.8,128,500,"[30, 30, 30]",0.0001,linear_decay,0.005,False,500
108,logistic,0.8,128,500,"[30, 30]",0.0005,linear_decay,0.01,True,500
109,logistic,0.8,128,500,"[30, 30, 30]",0.0001,linear_decay,0.005,True,500
110,logistic,0.75,128,500,"[60, 30]",0.00025,linear_decay,0.01,False,500
111,logistic,0.75,128,500,"[30, 60]",0.0001,linear_decay,0.01,False,500
112,logistic,0.85,128,500,"[30, 30]",0.0005,linear_decay,0.01,True,500
113,logistic,0.8,128,500,"[30, 30, 30]",0.0001,linear_decay,0.01,True,200
114,logistic,0.8,128,500,"[30, 30, 30]",0.0005,linear_decay,0.01,True,500
115,logistic,0.8,128,500,"[30, 60]",0.00025,linear_decay,0.1,False,500
116,logistic,0.75,128,500,"[60, 30]",0.00025,linear_decay,0.01,True,500
117,logistic,0.8,128,500,"[30, 60]",0.0001,linear_decay,0.1,False,500
118,logistic,0.75,128,500,"[30, 30, 30]",0.0001,linear_decay,0.01,True,200
119,logistic,0.8,128,500,"[60, 30]",0.0005,linear_decay,0.01,False,500
120,logistic,0.85,128,500,"[30, 30]",0.0001,linear_decay,0.01,True,200
121,logistic,0.75,128,500,"[60, 30]",0.0001,linear_decay,0.01,False,500
122,logistic,0.8,128,500,"[30, 60]",0.00025,linear_decay,0.01,False,500
123,logistic,0.75,128,500,"[30, 30, 30]",0.0001,linear_decay,0.005,False,500
124,logistic,0.8,128,500,"[30, 30, 30]",0.0005,linear_decay,0.01,False,500
125,logistic,0.8,128,500,"[60, 30]",0.0001,linear_decay,0.005,False,500
126,logistic,0.75,128,500,"[30, 30]",0.00025,linear_decay,0.01,True,500
127,logistic,0.8,128,500,"[60, 30]",0.0005,linear_decay,0.01,True,500
128,logistic,0.85,128,500,"[30, 30]",0.0001,linear_decay,0.01,False,200
129,logistic,0.75,128,500,"[30, 30, 30]",0.0001,linear_decay,0.01,False,200
130,logistic,0.75,128,500,"[30, 30, 30]",0.0005,linear_decay,0.01,True,500
131,logistic,0.8,128,500,"[30, 30]",0.0005,linear_decay,0.01,False,500
132,logistic,0.85,128,500,"[30, 30]",0.0001,linear_decay,0.005,True,500
133,logistic,0.8,128,500,"[30, 60]",0.0001,linear_decay,0.01,True,500
134,logistic,0.75,128,500,"[30, 30, 30]",0.0005,linear_decay,0.01,False,500
135,logistic,0.75,128,500,"[30, 30]",0.00025,linear_decay,0.01,False,500
136,logistic,0.8,128,500,"[60, 30]",0.0001,linear_decay,0.01,True,200
137,logistic,0.75,128,500,"[30, 60]",0.0001,linear_decay,0.01,True,500
138,logistic,0.85,128,500,"[30, 30]",0.0005,linear_decay,0.1,True,200
139,logistic,0.8,128,500,"[60, 30]",0.0001,linear_decay,0.005,True,500
140,logistic,0.8,128,500,"[30, 60]",0.0005,linear_decay,0.01,False,500
141,logistic,0.8,128,500,"[60, 30]",0.001,linear_decay,0.1,True,200
142,logistic,0.8,128,500,"[30, 60]",0.00025,linear_decay,0.01,True,500
143,logistic,0.8,128,500,"[30, 30, 30]",0.00025,linear_decay,0.1,True,200
144,logistic,0.8,128,500,"[30, 30, 30]",0.001,linear_decay,0.1,False,500
145,logistic,0.8,128,500,"[30, 30]",0.0001,linear_decay,0.01,False,200
146,logistic,0.8,128,500,"[60, 30]",0.00025,linear_decay,0.01,True,200
147,logistic,0.8,128,500,"[30, 30, 30]",0.001,linear_decay,0.01,False,500
148,logistic,0.8,128,500,"[60, 30]",0.0001,linear_decay,0.01,False,200
149,logistic,0.75,128,500,"[30, 60]",0.0001,linear_decay,0.1,False,500
150,logistic,0.75,128,500,"[60, 30]",0.001,linear_decay,0.1,True,500
151,logistic,0.75,128,500,"[60, 30]",0.0005,linear_decay,0.1,True,200
152,logistic,0.75,128,500,"[60, 30]",0.0001,linear_decay,0.01,True,200
153,logistic,0.8,128,500,"[30, 30, 30]",0.0001,linear_decay,0.1,False,500
154,logistic,0.85,128,500,"[30, 30]",0.0001,linear_decay,0.005,False,500
155,logistic,0.8,128,500,"[30, 30, 30]",0.00025,linear_decay,0.005,True,500
156,logistic,0.75,128,500,"[60, 30]",0.0001,linear_decay,0.005,False,500
157,logistic,0.75,128,500,"[60, 30]",0.0005,linear_decay,0.1,True,500
158,logistic,0.8,128,500,"[60, 30]",0.00025,linear_decay,0.01,False,200
159,logistic,0.8,128,500,"[60, 30]",0.0005,linear_decay,0.01,False,200
160,logistic,0.85,128,500,"[30, 30]",0.00025,linear_decay,0.01,False,200
161,logistic,0.75,128,500,"[30, 60]",0.00025,linear_decay,0.01,True,500
162,logistic,0.85,128,500,"[30, 30]",0.00025,linear_decay,0.01,True,200
163,logistic,0.75,128,500,"[30, 30, 30]",0.00025,linear_decay,0.005,False,500
164,logistic,0.75,128,500,"[30, 60]",0.00025,linear_decay,0.01,False,500
165,logistic,0.75,128,500,"[30, 30, 30]",0.0001,linear_decay,0.005,True,500
166,logistic,0.75,128,500,"[60, 30]",0.0001,linear_decay,0.01,False,200
167,logistic,0.75,128,500,"[30, 30]",0.0001,linear_decay,0.1,True,500
168,logistic,0.75,128,500,"[60, 30]",0.0005,linear_decay,0.01,True,500
169,logistic,0.8,128,500,"[30, 30, 30]",0.00025,linear_decay,0.01,False,200
170,logistic,0.75,128,500,"[60, 30]",0.0005,linear_decay,0.01,False,500
171,logistic,0.8,128,500,"[30, 30, 30]",0.00025,linear_decay,0.01,True,200
172,logistic,0.8,128,500,"[30, 30, 30]",0.00025,linear_decay,0.005,False,500
173,logistic,0.75,128,500,"[30, 30]",0.0005,linear_decay,0.01,False,500
174,logistic,0.9,128,500,"[60, 30]",0.0001,fixed,0.001,True,200
175,logistic,0.85,128,500,"[30, 30]",0.00025,linear_decay,0.1,True,200
176,logistic,0.8,128,500,"[30, 30]",0.0005,linear_decay,0.1,False,500
177,logistic,0.75,128,500,"[30, 30]",0.0005,linear_decay,0.01,True,500
178,logistic,0.85,128,500,"[30, 30]",0.0001,linear_decay,0.1,False,200
179,logistic,0.85,128,500,"[30, 30]",0.00025,linear_decay,0.005,False,500
180,logistic,0.8,128,500,"[30, 30]",0.0001,linear_decay,0.005,True,500
181,logistic,0.9,128,500,"[60, 30]",0.0001,fixed,0.001,False,200
182,logistic,0.8,128,500,"[60, 30]",0.001,linear_decay,0.01,False,500
183,logistic,0.8,128,500,"[30, 60]",0.0001,linear_decay,0.005,True,500
184,logistic,0.8,128,500,"[30, 60]",0.0005,linear_decay,0.01,True,500
185,logistic,0.8,128,500,"[30, 30, 30]",0.0005,linear_decay,0.01,False,200
186,logistic,0.8,128,500,"[30, 30]",0.00025,linear_decay,0.01,True,200
187,logistic,0.75,128,500,"[30, 30, 30]",0.00025,linear_decay,0.01,False,200
188,logistic,0.85,128,500,"[30, 30]",0.00025,linear_decay,0.005,True,500
189,logistic,0.8,128,500,"[30, 30, 30]",0.0001,linear_decay,0.005,False,200
190,logistic,0.75,128,500,"[60, 30]",0.0001,linear_decay,0.005,True,500
191,logistic,0.9,128,500,"[30, 30, 30]",0.00025,fixed,0.001,True,200
192,logistic,0.75,128,500,"[30, 30]",0.0001,linear_decay,0.01,True,200
193,logistic,0.75,128,500,"[30, 30]",0.001,linear_decay,0.2,False,200
194,logistic,0.9,128,500,"[30, 30, 30]",0.0001,fixed,0.001,False,200
195,logistic,0.8,128,500,"[30, 60]",0.0005,linear_decay,0.1,True,200
196,logistic,0.8,128,500,"[30, 30, 30]",0.001,linear_decay,0.01,True,500
197,logistic,0.75,128,500,"[30, 60]",0.0005,linear_decay,0.01,True,500
198,logistic,0.75,128,500,"[60, 30]",0.00025,linear_decay,0.01,True,200
199,logistic,0.75,128,500,"[30, 30]",0.0001,linear_decay,0.01,False,200
200,logistic,0.8,128,500,"[60, 30]",0.001,linear_decay,0.01,True,500
201,logistic,0.85,128,500,"[30, 30]",0.0005,linear_decay,0.01,False,200
202,logistic,0.8,128,500,"[60, 30]",0.00025,linear_decay,0.005,True,500
203,logistic,0.8,128,500,"[30, 30, 30]",0.001,linear_decay,0.01,True,200
204,logistic,0.8,128,500,"[30, 30]",0.0001,linear_decay,0.005,False,500
205,logistic,0.75,128,500,"[30, 30, 30]",0.00025,linear_decay,0.005,True,500
206,logistic,0.8,128,500,"[30, 30]",0.001,linear_decay,0.01,False,500
207,logistic,0.8,128,500,"[30, 30]",0.0001,linear_decay,0.01,True,200
208,logistic,0.75,128,500,"[30, 30, 30]",0.0001,linear_decay,0.1,False,500
209,logistic,0.75,128,500,"[30, 30, 30]",0.00025,linear_decay,0.01,True,200
210,logistic,0.75,128,500,"[30, 30, 30]",0.0005,linear_decay,0.01,True,200
211,logistic,0.8,128,500,"[30, 30]",0.00025,linear_decay,0.01,False,200
212,logistic,0.8,128,500,"[30, 60]",0.0001,linear_decay,0.01,False,200
213,logistic,0.75,128,500,"[60, 30]",0.00025,linear_decay,0.005,True,500
214,logistic,0.9,128,500,"[30, 30, 30]",0.00025,fixed,0.001,False,200
215,logistic,0.8,128,500,"[30, 60]",0.0001,linear_decay,0.01,True,200
216,logistic,0.9,128,500,"[30, 30]",0.0001,fixed,0.001,False,200
217,logistic,0.8,128,500,"[60, 30]",0.00025,linear_decay,0.005,False,500
218,logistic,0.75,128,500,"[30, 30, 30]",0.0005,linear_decay,0.01,False,200
219,logistic,0.8,128,500,"[30, 30, 30]",0.0005,linear_decay,0.005,True,500
220,logistic,0.75,128,500,"[30, 30, 30]",0.001,linear_decay,0.01,False,500
221,logistic,0.8,128,500,"[30, 30, 30]",0.001,linear_decay,0.01,False,200
222,logistic,0.9,128,500,"[60, 30]",0.00025,fixed,0.001,True,200
223,logistic,0.75,128,500,"[30, 60]",0.0001,linear_decay,0.005,False,500
224,logistic,0.8,128,500,"[60, 30]",0.0005,linear_decay,0.01,True,200
225,logistic,0.8,128,500,"[30, 30]",0.001,linear_decay,0.01,True,500
226,logistic,0.8,128,500,"[30, 60]",0.0001,linear_decay,0.005,False,500
227,logistic,0.75,128,500,"[60, 30]",0.00025,linear_decay,0.01,False,200
228,logistic,0.8,128,500,"[30, 60]",0.00025,linear_decay,0.01,False,200
229,logistic,0.9,128,500,"[30, 30]",0.0001,fixed,0.001,True,200
230,logistic,0.75,128,500,"[30, 60]",0.0005,linear_decay,0.01,False,500
231,logistic,0.75,128,500,"[30, 30]",0.0001,linear_decay,0.005,False,500
232,logistic,0.75,128,500,"[30, 60]",0.0001,linear_decay,0.01,False,200
233,logistic,0.85,128,500,"[60, 30]",0.0001,fixed,0.001,True,200
234,logistic,0.8,128,500,"[30, 30]",0.0005,linear_decay,0.01,False,200
235,logistic,0.75,128,500,"[60, 30]",0.00025,linear_decay,0.005,False,500
236,logistic,0.8,128,500,"[30, 30]",0.00025,linear_decay,0.005,True,500
237,logistic,0.8,128,500,"[30, 30]",0.0005,linear_decay,0.01,True,200
238,logistic,0.8,128,500,"[30, 60]",0.001,linear_decay,0.01,True,500
239,logistic,0.75,128,500,"[30, 30]",0.0001,linear_decay,0.005,True,500
240,logistic,0.85,128,500,"[30, 30]",0.0005,linear_decay,0.01,True,200
241,logistic,0.75,128,500,"[30, 30, 30]",0.0005,linear_decay,0.005,False,500
242,logistic,0.8,128,500,"[60, 30]",0.0005,linear_decay,0.005,False,500
243,logistic,0.75,128,500,"[30, 30, 30]",0.001,linear_decay,0.01,True,500
244,logistic,0.9,128,500,"[60, 30]",0.00025,fixed,0.001,False,200
245,logistic,0.8,128,500,"[30, 30, 30]",0.0005,linear_decay,0.01,True,200
246,logistic,0.85,128,500,"[30, 30, 30]",0.00025,fixed,0.001,False,200
247,logistic,0.8,128,500,"[30, 60]",0.00025,linear_decay,0.005,False,500
248,logistic,0.8,128,500,"[60, 30]",0.0005,linear_decay,0.005,True,500
249,logistic,0.85,128,500,"[30, 30]",0.00025,linear_decay,0.1,False,500
250,logistic,0.75,128,500,"[60, 30]",0.0001,linear_decay,0.1,True,500
251,logistic,0.75,128,500,"[60, 30]",0.001,linear_decay,0.01,False,500
252,logistic,0.8,128,500,"[30, 60]",0.00025,linear_decay,0.005,True,500
253,logistic,0.85,128,500,"[30, 30, 30]",0.0001,fixed,0.001,True,200
254,logistic,0.75,128,500,"[60, 30]",0.0005,linear_decay,0.01,False,200
255,logistic,0.75,128,500,"[30, 30]",0.00025,linear_decay,0.01,True,200
256,logistic,0.8,128,500,"[30, 30, 30]",0.0005,linear_decay,0.005,False,500
257,logistic,0.9,128,500,"[30, 60]",0.0001,fixed,0.001,True,200
258,logistic,0.75,128,500,"[30, 60]",0.0001,linear_decay,0.005,True,500
259,logistic,0.85,128,500,"[60, 30]",0.0001,fixed,0.001,False,200
260,logistic,0.8,128,500,"[60, 30]",0.00025,linear_decay,0.005,True,200
261,logistic,0.75,128,500,"[30, 60]",0.00025,linear_decay,0.01,False,200
262,logistic,0.85,128,500,"[30, 30, 30]",0.0001,fixed,0.001,False,200
263,logistic,0.8,128,500,"[30, 30, 30]",0.0001,fixed,0.001,False,200
264,logistic,0.75,128,500,"[60, 30]",0.0005,linear_decay,0.01,True,200
265,logistic,0.8,128,500,"[30, 60]",0.00025,linear_decay,0.01,True,200
266,logistic,0.8,128,500,"[60, 30]",0.0001,linear_decay,0.005,True,200
267,logistic,0.8,128,500,"[30, 30]",0.00025,linear_decay,0.1,True,500
268,logistic,0.75,128,500,"[30, 30]",0.001,linear_decay,0.01,True,500
269,logistic,0.75,128,500,"[30, 60]",0.00025,linear_decay,0.01,True,200
270,logistic,0.8,128,500,"[60, 30]",0.001,linear_decay,0.01,False,200
271,logistic,0.8,128,500,"[30, 60]",0.001,linear_decay,0.01,False,500
272,logistic,0.9,128,500,"[30, 30]",0.00025,fixed,0.001,True,200
273,logistic,0.75,128,500,"[30, 60]",0.0001,linear_decay,0.01,True,200
274,logistic,0.9,128,500,"[30, 30, 30]",0.0005,fixed,0.001,True,200
275,logistic,0.9,128,500,"[30, 30, 30]",0.0001,fixed,0.0005,False,200
276,logistic,0.75,128,500,"[60, 30]",0.001,linear_decay,0.01,True,500
277,logistic,0.9,128,500,"[30, 60]",0.0001,fixed,0.001,False,200
278,logistic,0.85,128,500,"[30, 30]",0.0001,linear_decay,0.005,False,200
279,logistic,0.8,128,500,"[60, 30]",0.00025,linear_decay,0.005,False,200
280,logistic,0.8,128,500,"[30, 60]",0.0005,linear_decay,0.01,False,200
281,logistic,0.9,128,500,"[60, 30]",0.0001,fixed,0.0005,False,200
282,logistic,0.75,128,500,"[30, 30]",0.00025,linear_decay,0.005,True,500
283,logistic,0.85,128,500,"[30, 30]",0.0001,linear_decay,0.005,True,200
284,logistic,0.8,128,500,"[30, 30, 30]",0.0001,fixed,0.001,True,200
285,logistic,0.75,128,500,"[30, 30]",0.0005,linear_decay,0.01,False,200
286,logistic,0.85,128,500,"[30, 30]",0.00025,linear_decay,0.1,True,500
287,logistic,0.85,128,500,"[30, 30]",0.00025,linear_decay,0.005,False,200
288,logistic,0.8,128,500,"[30, 60]",0.0005,linear_decay,0.005,True,500
289,logistic,0.75,128,500,"[30, 30, 30]",0.0001,linear_decay,0.005,False,200
290,logistic,0.8,128,500,"[30, 30]",0.00025,linear_decay,0.005,False,500
291,logistic,0.75,128,500,"[60, 30]",0.0001,linear_decay,0.005,False,200
292,logistic,0.75,128,500,"[30, 30]",0.00025,linear_decay,0.005,False,500
293,logistic,0.8,128,500,"[30, 30]",0.0005,linear_decay,0.005,True,500
294,logistic,0.75,128,500,"[30, 30, 30]",0.0005,linear_decay,0.005,True,500
295,logistic,0.8,128,500,"[60, 30]",0.001,linear_decay,0.01,True,200
296,logistic,0.75,128,500,"[30, 30, 30]",0.001,linear_decay,0.01,False,200
297,logistic,0.9,128,500,"[30, 60]",0.00025,fixed,0.001,True,200
298,logistic,0.75,128,500,"[30, 30]",0.001,linear_decay,0.01,False,500
299,logistic,0.75,128,500,"[30, 60]",0.001,linear_decay,0.01,False,500
300,logistic,0.85,128,500,"[30, 30, 30]",0.00025,fixed,0.001,True,200
301,logistic,0.8,128,500,"[30, 30, 30]",0.00025,linear_decay,0.005,True,200
302,logistic,0.8,128,500,"[30, 30]",0.001,linear_decay,0.01,False,200
303,logistic,0.75,128,500,"[30, 30]",0.0005,linear_decay,0.01,True,200
304,logistic,0.8,128,500,"[60, 30]",0.0001,linear_decay,0.005,False,200
305,logistic,0.8,128,500,"[30, 60]",0.0005,linear_decay,0.005,False,500
306,logistic,0.9,128,500,"[30, 30]",0.00025,fixed,0.001,False,200
307,logistic,0.9,128,500,"[30, 30, 30]",0.0005,fixed,0.001,False,200
308,logistic,0.8,128,500,"[30, 60]",0.0005,linear_decay,0.01,True,200
309,logistic,0.8,128,500,"[30, 30]",0.0001,linear_decay,0.005,False,200
310,logistic,0.8,128,500,"[30, 30]",0.0005,linear_decay,0.005,False,500
311,logistic,0.75,128,500,"[60, 30]",0.0001,linear_decay,0.005,True,200
312,logistic,0.75,128,500,"[60, 30]",0.0005,linear_decay,0.005,True,500
313,logistic,0.9,128,500,"[30, 30, 30]",0.0001,fixed,0.0005,True,200
314,logistic,0.85,128,500,"[60, 30]",0.00025,fixed,0.001,True,200
315,logistic,0.75,128,500,"[30, 30, 30]",0.0001,linear_decay,0.005,True,200
316,logistic,0.75,128,500,"[30, 30]",0.0005,linear_decay,0.005,False,500
317,logistic,0.85,128,500,"[60, 30]",0.00025,fixed,0.001,False,200
318,logistic,0.75,128,500,"[60, 30]",0.0005,linear_decay,0.005,False,500
319,logistic,0.9,128,500,"[60, 30]",0.0001,fixed,0.0005,True,200
320,logistic,0.75,128,500,"[30, 30, 30]",0.0001,fixed,0.001,False,200
321,logistic,0.8,128,500,"[30, 30]",0.0001,linear_decay,0.005,True,200
322,logistic,0.75,128,500,"[30, 60]",0.001,linear_decay,0.01,True,500
323,logistic,0.75,128,500,"[30, 60]",0.00025,linear_decay,0.005,True,500
324,logistic,0.75,128,500,"[30, 30]",0.00025,linear_decay,0.01,False,200
325,logistic,0.8,128,500,"[60, 30]",0.0001,fixed,0.001,False,200
326,logistic,0.9,128,500,"[30, 60]",0.00025,fixed,0.001,False,200
327,logistic,0.75,128,500,"[30, 60]",0.00025,linear_decay,0.005,False,500
328,logistic,0.85,128,500,"[30, 30]",0.0001,fixed,0.001,False,200
329,logistic,0.85,128,500,"[30, 30]",0.00025,linear_decay,0.005,True,200
330,logistic,0.75,128,500,"[30, 30, 30]",0.001,linear_decay,0.01,True,200
331,logistic,0.8,128,500,"[60, 30]",0.0001,fixed,0.001,True,200
332,logistic,0.75,128,500,"[60, 30]",0.001,linear_decay,0.01,True,200
333,logistic,0.8,128,500,"[30, 30, 30]",0.0001,linear_decay,0.005,True,200
334,logistic,0.85,128,500,"[30, 30]",0.0001,linear_decay,0.1,False,500
335,logistic,0.75,128,500,"[60, 30]",0.001,linear_decay,0.01,False,200
336,logistic,0.8,128,500,"[30, 30, 30]",0.00025,linear_decay,0.005,False,200
337,logistic,0.9,128,500,"[60, 30]",0.0005,fixed,0.001,True,200
338,logistic,0.9,128,500,"[60, 30]",0.0005,fixed,0.001,False,200
339,logistic,0.8,128,500,"[30, 60]",0.001,linear_decay,0.01,True,200
340,logistic,0.75,128,500,"[30, 30, 30]",0.0001,fixed,0.001,True,200
341,logistic,0.9,128,500,"[30, 30]",0.0005,fixed,0.001,True,200
342,logistic,0.8,128,500,"[30, 30, 30]",0.001,linear_decay,0.005,False,500
343,logistic,0.9,128,500,"[30, 30]",0.0005,fixed,0.001,False,200
344,logistic,0.75,128,500,"[30, 30]",0.0005,linear_decay,0.005,True,500
345,logistic,0.85,128,500,"[30, 30]",0.0001,fixed,0.001,True,200
346,logistic,0.8,128,500,"[30, 60]",0.00025,linear_decay,0.005,True,200
347,logistic,0.75,128,500,"[30, 60]",0.0005,linear_decay,0.01,True,200
348,logistic,0.8,128,500,"[60, 30]",0.0001,linear_decay,0.1,True,500
349,logistic,0.75,128,500,"[30, 60]",0.0005,linear_decay,0.01,False,200
350,logistic,0.8,128,500,"[60, 30]",0.001,linear_decay,0.005,False,500
351,logistic,0.8,128,500,"[30, 30]",0.001,linear_decay,0.01,True,200
352,logistic,0.8,128,500,"[30, 30]",0.00025,linear_decay,0.005,False,200
353,logistic,0.8,128,500,"[30, 30, 30]",0.001,linear_decay,0.005,True,500
354,logistic,0.8,128,500,"[60, 30]",0.0005,linear_decay,0.005,False,200
355,logistic,0.75,128,500,"[30, 30]",0.0001,linear_decay,0.005,True,200
356,logistic,0.75,128,500,"[60, 30]",0.0001,fixed,0.001,True,200
357,logistic,0.75,128,500,"[60, 30]",0.0001,fixed,0.001,False,200
358,logistic,0.75,128,500,"[30, 30]",0.001,linear_decay,0.01,True,200
359,logistic,0.8,128,500,"[30, 30, 30]",0.00025,fixed,0.001,False,200
360,logistic,0.75,128,500,"[30, 30, 30]",0.00025,linear_decay,0.005,False,200
361,logistic,0.8,128,500,"[30, 60]",0.0001,linear_decay,0.005,True,200
362,logistic,0.75,128,500,"[60, 30]",0.00025,linear_decay,0.005,False,200
363,logistic,0.8,128,500,"[30, 30, 30]",0.001,linear_decay,0.1,True,200
364,logistic,0.75,128,500,"[30, 30]",0.0001,linear_decay,0.005,False,200
365,logistic,0.8,128,500,"[60, 30]",0.0005,linear_decay,0.005,True,200
366,logistic,0.8,128,500,"[60, 30]",0.00025,fixed,0.001,True,200
367,logistic,0.85,128,500,"[30, 30]",0.00025,fixed,0.001,True,200
368,logistic,0.8,128,500,"[60, 30]",0.001,linear_decay,0.005,True,500
369,logistic,0.8,128,500,"[30, 30]",0.0001,fixed,0.001,True,200
370,logistic,0.75,128,500,"[60, 30]",0.00025,linear_decay,0.005,True,200
371,logistic,0.8,128,500,"[30, 60]",0.001,linear_decay,0.01,False,200
372,logistic,0.8,128,500,"[30, 30]",0.001,linear_decay,0.2,False,500
373,logistic,0.85,128,500,"[30, 60]",0.0001,fixed,0.001,False,200
374,logistic,0.9,128,500,"[60, 30]",0.00025,fixed,0.0005,False,200
375,logistic,0.75,128,500,"[30, 60]",0.0005,linear_decay,0.005,False,500
376,logistic,0.8,128,500,"[30, 30]",0.001,linear_decay,0.005,False,500
377,logistic,0.75,128,500,"[30, 30]",0.001,linear_decay,0.01,False,200
378,logistic,0.85,128,500,"[30, 30]",0.00025,fixed,0.001,False,200
379,logistic,0.8,128,500,"[30, 30, 30]",0.0005,linear_decay,0.005,True,200
380,logistic,0.8,128,500,"[60, 30]",0.00025,fixed,0.001,False,200
381,logistic,0.9,128,500,"[30, 30, 30]",0.00025,fixed,0.0005,False,200
382,logistic,0.8,128,500,"[30, 30, 30]",0.0005,linear_decay,0.005,False,200
383,logistic,0.8,128,500,"[30, 60]",0.0001,linear_decay,0.005,False,200
384,logistic,0.75,128,500,"[30, 60]",0.0005,linear_decay,0.005,True,500
385,logistic,0.75,128,500,"[30, 60]",0.0005,linear_decay,0.1,True,200
386,logistic,0.9,128,500,"[30, 60]",0.0005,fixed,0.001,False,200
387,logistic,0.9,128,500,"[60, 30]",0.00025,fixed,0.0005,True,200
388,logistic,0.9,128,500,"[30, 60]",0.0001,fixed,0.0005,False,200
389,logistic,0.8,128,500,"[30, 30]",0.00025,fixed,0.001,False,200
390,logistic,0.8,128,500,"[30, 30]",0.00025,linear_decay,0.005,True,200
391,logistic,0.85,128,500,"[60, 30]",0.0001,fixed,0.0005,True,200
392,logistic,0.85,128,500,"[30, 60]",0.0001,fixed,0.001,True,200
393,logistic,0.8,128,500,"[30, 30, 30]",0.00025,fixed,0.001,True,200
394,logistic,0.9,128,500,"[30, 30, 30]",0.00025,fixed,0.0005,True,200
395,logistic,0.8,128,500,"[30, 60]",0.0001,fixed,0.001,True,200
396,logistic,0.9,128,500,"[30, 30]",0.0001,fixed,0.0005,True,200
397,logistic,0.8,128,500,"[30, 60]",0.0001,fixed,0.001,False,200
398,logistic,0.9,128,500,"[30, 30]",0.00025,fixed,0.0005,True,200
399,logistic,0.75,128,500,"[60, 30]",0.001,linear_decay,0.005,False,500
400,logistic,0.75,128,500,"[30, 60]",0.0001,linear_decay,0.005,True,200
401,logistic,0.8,128,500,"[30, 60]",0.001,linear_decay,0.005,True,500
402,logistic,0.8,128,500,"[30, 60]",0.0005,linear_decay,0.005,True,200
403,logistic,0.75,128,500,"[30, 30, 30]",0.0005,linear_decay,0.005,True,200
404,logistic,0.75,128,500,"[30, 30]",0.00025,linear_decay,0.005,False,200
405,logistic,0.75,128,500,"[30, 30, 30]",0.001,linear_decay,0.005,True,500
406,logistic,0.8,128,500,"[30, 30]",0.001,linear_decay,0.005,True,500
407,logistic,0.75,128,500,"[60, 30]",0.0005,linear_decay,0.005,True,200
408,logistic,0.75,128,500,"[30, 30]",0.00025,linear_decay,0.005,True,200
409,logistic,0.75,128,500,"[30, 30]",0.0001,fixed,0.001,False,200
410,logistic,0.75,128,500,"[60, 30]",0.0005,linear_decay,0.005,False,200
411,logistic,0.9,128,500,"[30, 30]",0.0001,fixed,0.0005,False,200
412,logistic,0.8,128,500,"[30, 30, 30]",0.001,linear_decay,0.005,True,200
413,logistic,0.8,128,500,"[60, 30]",0.001,linear_decay,0.005,True,200
414,logistic,0.75,128,500,"[60, 30]",0.001,linear_decay,0.005,True,500
415,logistic,0.75,128,500,"[30, 30, 30]",0.00025,linear_decay,0.005,True,200
416,logistic,0.9,128,500,"[30, 60]",0.0005,fixed,0.001,True,200
417,logistic,0.85,128,500,"[30, 30]",0.00025,linear_decay,0.2,False,200
418,logistic,0.75,128,500,"[30, 30, 30]",0.001,linear_decay,0.005,False,500
419,logistic,0.85,128,500,"[30, 60]",0.00025,fixed,0.001,False,200
420,logistic,0.75,128,500,"[30, 60]",0.0001,linear_decay,0.005,False,200
421,logistic,0.8,128,500,"[30, 60]",0.001,linear_decay,0.005,False,500
422,logistic,0.85,128,500,"[30, 60]",0.00025,fixed,0.001,True,200
423,logistic,0.85,128,500,"[30, 30, 30]",0.0001,fixed,0.0005,True,200
424,logistic,0.8,128,500,"[30, 60]",0.0005,linear_decay,0.005,False,200
425,logistic,0.85,128,500,"[30, 30, 30]",0.0005,fixed,0.001,True,200
426,logistic,0.9,128,500,"[30, 60]",0.0001,fixed,0.0005,True,200
427,logistic,0.75,128,500,"[30, 60]",0.001,linear_decay,0.01,True,200
428,logistic,0.75,128,500,"[30, 30]",0.0001,fixed,0.001,True,200
429,logistic,0.85,128,500,"[30, 30, 30]",0.0001,fixed,0.0005,False,200
430,logistic,0.85,128,500,"[30, 30, 30]",0.0005,fixed,0.001,False,200
431,logistic,0.8,128,500,"[30, 60]",0.00025,linear_decay,0.005,False,200
432,logistic,0.85,128,500,"[60, 30]",0.0001,fixed,0.0005,False,200
433,logistic,0.75,128,500,"[30, 30, 30]",0.0005,linear_decay,0.005,False,200
434,logistic,0.8,128,500,"[30, 30]",0.0001,fixed,0.001,False,200
435,logistic,0.8,128,500,"[30, 30]",0.0005,linear_decay,0.005,False,200
436,logistic,0.8,128,500,"[60, 30]",0.001,linear_decay,0.005,False,200
437,logistic,0.75,128,500,"[30, 30]",0.001,linear_decay,0.005,False,500
438,logistic,0.75,128,500,"[60, 30]",0.00025,fixed,0.001,False,200
439,logistic,0.75,128,500,"[30, 30, 30]",0.00025,fixed,0.001,False,200
440,logistic,0.85,128,500,"[60, 30]",0.0005,fixed,0.001,False,200
441,logistic,0.75,128,500,"[30, 30]",0.001,linear_decay,0.005,True,500
442,logistic,0.75,128,500,"[30, 30]",0.0005,linear_decay,0.005,True,200
443,logistic,0.75,128,500,"[30, 60]",0.001,linear_decay,0.01,False,200
444,logistic,0.8,128,500,"[30, 30]",0.0005,linear_decay,0.005,True,200
445,logistic,0.9,128,500,"[30, 30]",0.00025,fixed,0.0005,False,200
446,logistic,0.85,128,500,"[60, 30]",0.0005,fixed,0.001,True,200
447,logistic,0.85,128,500,"[30, 30]",0.0001,fixed,0.0005,True,200
448,logistic,0.75,128,500,"[30, 60]",0.00025,linear_decay,0.005,True,200
449,logistic,0.85,128,500,"[30, 30]",0.0005,fixed,0.001,False,200
450,logistic,0.75,128,500,"[30, 30, 30]",0.00025,fixed,0.001,True,200
451,logistic,0.75,128,500,"[30, 60]",0.001,linear_decay,0.005,True,500
452,logistic,0.75,128,500,"[60, 30]",0.00025,fixed,0.001,True,200
453,logistic,0.9,128,500,"[30, 60]",0.00025,fixed,0.0005,False,200
454,logistic,0.85,128,500,"[30, 30]",0.0005,fixed,0.001,True,200
455,logistic,0.8,128,500,"[30, 60]",0.00025,fixed,0.001,False,200
456,logistic,0.85,128,500,"[30, 30, 30]",0.00025,fixed,0.0005,True,200
457,logistic,0.85,128,500,"[30, 30, 30]",0.00025,fixed,0.0005,False,200
458,logistic,0.85,128,500,"[30, 60]",0.0005,fixed,0.001,True,200
459,logistic,0.75,128,500,"[30, 30]",0.0005,linear_decay,0.005,False,200
460,logistic,0.75,128,500,"[30, 60]",0.0001,fixed,0.001,False,200
461,logistic,0.8,128,500,"[30, 30]",0.00025,fixed,0.001,True,200
462,logistic,0.8,128,500,"[30, 30, 30]",0.0005,linear_decay,0.1,False,500
463,logistic,0.75,128,500,"[60, 30]",0.001,linear_decay,0.005,True,200
464,logistic,0.75,128,500,"[30, 60]",0.0005,linear_decay,0.005,True,200
465,logistic,0.8,128,500,"[30, 30]",0.001,linear_decay,0.005,True,200
466,logistic,0.75,128,500,"[30, 30]",0.0001,linear_decay,0.2,False,500
467,logistic,0.8,128,500,"[30, 60]",0.001,linear_decay,0.005,True,200
468,logistic,0.8,128,500,"[60, 30]",0.0001,fixed,0.0005,True,200
469,logistic,0.85,128,500,"[60, 30]",0.00025,fixed,0.0005,False,200
470,logistic,0.9,128,500,"[30, 30, 30]",0.001,fixed,0.001,False,200
471,logistic,0.75,128,500,"[60, 30]",0.001,linear_decay,0.005,False,200
472,logistic,0.9,128,500,"[30, 30]",0.001,fixed,0.001,True,200
473,logistic,0.9,128,500,"[30, 60]",0.00025,fixed,0.0005,True,200
474,logistic,0.75,128,500,"[30, 60]",0.001,linear_decay,0.005,False,500
475,logistic,0.75,128,500,"[30, 30]",0.00025,fixed,0.001,False,200
476,logistic,0.9,128,500,"[30, 30, 30]",0.001,fixed,0.001,True,200
477,logistic,0.8,128,500,"[30, 60]",0.00025,fixed,0.001,True,200
478,logistic,0.85,128,500,"[30, 60]",0.0005,fixed,0.001,False,200
479,logistic,0.9,128,500,"[30, 30, 30]",0.0005,fixed,0.0005,True,200
480,logistic,0.8,128,500,"[60, 30]",0.0005,fixed,0.001,False,200
481,logistic,0.8,128,500,"[30, 30]",0.001,linear_decay,0.005,False,200
482,logistic,0.8,128,500,"[30, 30, 30]",0.0005,fixed,0.001,True,200
483,logistic,0.8,128,500,"[60, 30]",0.001,linear_decay,0.1,True,500
484,logistic,0.8,128,500,"[30, 30, 30]",0.0005,fixed,0.001,False,200
485,logistic,0.8,128,500,"[30, 30, 30]",0.001,linear_decay,0.005,False,200
486,logistic,0.75,128,500,"[30, 60]",0.0005,linear_decay,0.005,False,200
487,logistic,0.8,128,500,"[60, 30]",0.0005,fixed,0.001,True,200
488,logistic,0.75,128,500,"[30, 60]",0.00025,linear_decay,0.005,False,200
489,logistic,0.9,128,500,"[60, 30]",0.0005,fixed,0.0005,True,200
490,logistic,0.75,128,500,"[30, 30, 30]",0.001,linear_decay,0.005,True,200
491,logistic,0.8,128,500,"[30, 60]",0.001,linear_decay,0.005,False,200
492,logistic,0.8,128,500,"[30, 30, 30]",0.0001,fixed,0.0005,True,200
493,logistic,0.75,128,500,"[30, 30]",0.00025,fixed,0.001,True,200
494,logistic,0.9,128,500,"[30, 30]",0.0005,fixed,0.0005,False,200
495,logistic,0.85,128,500,"[30, 30]",0.0001,linear_decay,0.1,True,500
496,logistic,0.85,128,500,"[60, 30]",0.00025,fixed,0.0005,True,200
497,logistic,0.75,128,500,"[30, 60]",0.0001,fixed,0.001,True,200
498,logistic,0.85,128,500,"[30, 60]",0.00025,fixed,0.0005,False,200
499,logistic,0.8,128,500,"[60, 30]",0.0001,fixed,0.0005,False,200
500,logistic,0.8,128,500,"[30, 30]",0.0005,fixed,0.001,False,200
501,logistic,0.9,128,500,"[60, 30]",0.0005,fixed,0.0005,False,200
502,logistic,0.9,128,500,"[30, 30, 30]",0.0005,fixed,0.0005,False,200
503,logistic,0.85,128,500,"[30, 30]",0.0001,fixed,0.0005,False,200
504,logistic,0.75,128,500,"[30, 60]",0.00025,fixed,0.001,False,200
505,logistic,0.9,128,500,"[30, 30]",0.0005,fixed,0.0005,True,200
506,logistic,0.75,128,500,"[30, 60]",0.00025,fixed,0.001,True,200
507,logistic,0.85,128,500,"[30, 60]",0.0001,fixed,0.0005,False,200
508,logistic,0.85,128,500,"[30, 30]",0.00025,fixed,0.0005,False,200
509,logistic,0.9,128,500,"[30, 30]",0.001,fixed,0.001,False,200
510,logistic,0.9,128,500,"[60, 30]",0.001,fixed,0.001,True,200
511,logistic,0.85,128,500,"[30, 60]",0.0001,fixed,0.0005,True,200
512,logistic,0.8,128,500,"[30, 30]",0.0005,fixed,0.001,True,200
513,logistic,0.9,128,500,"[60, 30]",0.001,fixed,0.001,False,200
514,logistic,0.8,128,500,"[60, 30]",0.00025,fixed,0.0005,False,200
515,logistic,0.8,128,500,"[30, 60]",0.0005,fixed,0.001,False,200
516,logistic,0.9,128,500,"[30, 60]",0.001,fixed,0.001,False,200
517,logistic,0.8,128,500,"[30, 30]",0.0001,fixed,0.0005,False,200
518,logistic,0.75,128,500,"[30, 30]",0.001,linear_decay,0.005,True,200
519,logistic,0.75,128,500,"[30, 30, 30]",0.001,linear_decay,0.005,False,200
520,logistic,0.8,128,500,"[60, 30]",0.00025,fixed,0.0005,True,200
521,logistic,0.8,128,500,"[30, 60]",0.0001,fixed,0.0005,False,200
522,logistic,0.9,128,500,"[30, 60]",0.0005,fixed,0.0005,False,200
523,logistic,0.9,128,500,"[30, 60]",0.0005,fixed,0.0005,True,200
524,logistic,0.85,128,500,"[30, 60]",0.00025,fixed,0.0005,True,200
525,logistic,0.75,128,500,"[30, 30, 30]",0.0005,fixed,0.001,False,200
526,logistic,0.9,128,500,"[30, 60]",0.001,fixed,0.001,True,200
527,logistic,0.8,128,500,"[30, 60]",0.0005,fixed,0.001,True,200
528,logistic,0.75,128,500,"[30, 30]",0.001,linear_decay,0.005,False,200
529,logistic,0.8,128,500,"[30, 30, 30]",0.0001,fixed,0.0005,False,200
530,logistic,0.75,128,500,"[30, 30]",0.0005,fixed,0.001,True,200
531,logistic,0.75,128,500,"[60, 30]",0.0001,fixed,0.0005,False,200
532,logistic,0.85,128,500,"[30, 30]",0.00025,fixed,0.0005,True,200
533,logistic,0.75,128,500,"[30, 30, 30]",0.0005,fixed,0.001,True,200
534,logistic,0.75,128,500,"[30, 30]",0.0005,fixed,0.001,False,200
535,logistic,0.75,128,500,"[60, 30]",0.0005,fixed,0.001,True,200
536,logistic,0.75,128,500,"[30, 60]",0.001,linear_decay,0.005,False,200
537,logistic,0.75,128,500,"[30, 30, 30]",0.0001,fixed,0.0005,True,200
538,logistic,0.8,128,500,"[30, 30]",0.0001,fixed,0.0005,True,200
539,logistic,0.75,128,500,"[60, 30]",0.0005,fixed,0.001,False,200
540,logistic,0.8,128,500,"[30, 30, 30]",0.00025,fixed,0.0005,False,200
541,logistic,0.75,128,500,"[30, 60]",0.001,linear_decay,0.005,True,200
542,logistic,0.75,128,500,"[60, 30]",0.0001,fixed,0.0005,True,200
543,logistic,0.8,128,500,"[30, 30]",0.00025,fixed,0.0005,False,200
544,logistic,0.75,128,500,"[30, 60]",0.0005,fixed,0.001,True,200
545,logistic,0.85,128,500,"[30, 30]",0.001,fixed,0.001,False,200
546,logistic,0.85,128,500,"[60, 30]",0.0005,fixed,0.0005,False,200
547,logistic,0.8,128,500,"[30, 30, 30]",0.00025,fixed,0.0005,True,200
548,logistic,0.85,128,500,"[30, 30]",0.0005,fixed,0.0005,True,200
549,logistic,0.8,128,500,"[30, 30]",0.00025,fixed,0.0005,True,200
550,logistic,0.8,128,500,"[30, 60]",0.0001,fixed,0.0005,True,200
551,logistic,0.85,128,500,"[60, 30]",0.0005,fixed,0.0005,True,200
552,logistic,0.85,128,500,"[60, 30]",0.001,fixed,0.001,True,200
553,logistic,0.75,128,500,"[30, 60]",0.0005,fixed,0.001,False,200
554,logistic,0.85,128,500,"[30, 30]",0.001,fixed,0.001,True,200
555,logistic,0.85,128,500,"[30, 30, 30]",0.0005,fixed,0.0005,False,200
556,logistic,0.85,128,500,"[30, 30]",0.0005,fixed,0.0005,False,200
557,logistic,0.8,128,500,"[30, 60]",0.00025,fixed,0.0005,True,200
558,logistic,0.85,128,500,"[30, 30, 30]",0.001,fixed,0.001,False,200
559,logistic,0.85,128,500,"[30, 30, 30]",0.001,fixed,0.001,True,200
560,logistic,0.85,128,500,"[30, 30, 30]",0.0005,fixed,0.0005,True,200
561,logistic,0.85,128,500,"[30, 60]",0.001,fixed,0.001,False,200
562,logistic,0.8,128,500,"[30, 60]",0.00025,fixed,0.0005,False,200
563,logistic,0.75,128,500,"[60, 30]",0.00025,fixed,0.0005,False,200
564,logistic,0.85,128,500,"[60, 30]",0.001,fixed,0.001,False,200
565,logistic,0.75,128,500,"[30, 30]",0.0001,fixed,0.0005,False,200
566,logistic,0.85,128,500,"[30, 60]",0.001,fixed,0.001,True,200
567,logistic,0.8,128,500,"[30, 30]",0.0005,linear_decay,0.2,False,200
568,logistic,0.75,128,500,"[60, 30]",0.00025,fixed,0.0005,True,200
569,logistic,0.75,128,500,"[30, 60]",0.0001,fixed,0.0005,True,200
570,logistic,0.75,128,500,"[30, 30]",0.0001,fixed,0.0005,True,200
571,logistic,0.85,128,500,"[30, 60]",0.0005,fixed,0.0005,False,200
572,logistic,0.75,128,500,"[30, 30, 30]",0.0001,fixed,0.0005,False,200
573,logistic,0.75,128,500,"[30, 30]",0.00025,linear_decay,0.2,False,500
574,logistic,0.75,128,500,"[30, 60]",0.0001,fixed,0.0005,False,200
575,logistic,0.85,128,500,"[30, 60]",0.0005,fixed,0.0005,True,200
576,logistic,0.8,128,500,"[60, 30]",0.00025,linear_decay,0.1,True,500
577,logistic,0.9,128,500,"[30, 30]",0.001,fixed,0.0005,True,200
578,logistic,0.9,128,500,"[60, 30]",0.001,fixed,0.0005,True,200
579,logistic,0.8,128,500,"[60, 30]",0.001,fixed,0.001,False,200
580,logistic,0.75,128,500,"[30, 30, 30]",0.00025,fixed,0.0005,False,200
581,logistic,0.75,128,500,"[30, 30]",0.00025,fixed,0.0005,True,200
582,logistic,0.8,128,500,"[30, 30]",0.001,fixed,0.001,False,200
583,logistic,0.9,128,500,"[30, 30]",0.001,fixed,0.0005,False,200
584,logistic,0.8,128,500,"[60, 30]",0.0005,fixed,0.0005,False,200
585,logistic,0.75,128,500,"[30, 30]",0.00025,fixed,0.0005,False,200
586,logistic,0.9,128,500,"[60, 30]",0.001,fixed,0.0005,False,200
587,logistic,0.8,128,500,"[60, 30]",0.0005,fixed,0.0005,True,200
588,logistic,0.8,128,500,"[30, 30, 30]",0.001,fixed,0.001,True,200
589,logistic,0.8,128,500,"[30, 30]",0.001,fixed,0.001,True,200
590,logistic,0.8,128,500,"[30, 30]",0.0005,fixed,0.0005,False,200
591,logistic,0.75,128,500,"[30, 60]",0.00025,fixed,0.0005,True,200
592,logistic,0.9,128,500,"[30, 30, 30]",0.001,fixed,0.0005,True,200
593,logistic,0.9,128,500,"[30, 30, 30]",0.001,fixed,0.0005,False,200
594,logistic,0.9,128,500,"[30, 60]",0.001,fixed,0.0005,False,200
595,logistic,0.75,128,500,"[30, 60]",0.00025,fixed,0.0005,False,200
596,logistic,0.8,128,500,"[60, 30]",0.001,fixed,0.001,True,200
597,logistic,0.9,128,500,"[30, 60]",0.001,fixed,0.0005,True,200
598,logistic,0.8,128,500,"[30, 30, 30]",0.001,fixed,0.001,False,200
599,logistic,0.8,128,500,"[30, 60]",0.001,fixed,0.001,False,200
600,logistic,0.8,128,500,"[30, 30]",0.0005,fixed,0.0005,True,200
601,logistic,0.8,128,500,"[30, 60]",0.001,fixed,0.001,True,200
602,logistic,0.8,128,500,"[30, 30, 30]",0.0005,fixed,0.0005,False,200
603,logistic,0.8,128,500,"[30, 60]",0.0005,fixed,0.0005,True,200
604,logistic,0.8,128,500,"[30, 30]",0.00025,linear_decay,0.2,False,500
605,logistic,0.8,128,500,"[30, 60]",0.0005,fixed,0.0005,False,200
606,logistic,0.75,128,500,"[30, 60]",0.001,fixed,0.001,False,200
607,logistic,0.75,128,500,"[60, 30]",0.001,fixed,0.001,True,200
608,logistic,0.75,128,500,"[60, 30]",0.001,fixed,0.001,False,200
609,logistic,0.75,128,500,"[60, 30]",0.0005,fixed,0.0005,True,200
610,logistic,0.75,128,500,"[60, 30]",0.0005,fixed,0.0005,False,200
611,logistic,0.75,128,500,"[30, 30]",0.001,fixed,0.001,True,200
612,logistic,0.75,128,500,"[30, 30, 30]",0.00025,fixed,0.0005,True,200
613,logistic,0.8,128,500,"[30, 60]",0.00025,linear_decay,0.1,True,200
614,logistic,0.75,128,500,"[30, 30]",0.001,fixed,0.001,False,200
615,logistic,0.75,128,500,"[30, 30]",0.0005,fixed,0.0005,True,200
616,logistic,0.75,128,500,"[30, 60]",0.001,fixed,0.001,True,200
617,logistic,0.75,128,500,"[30, 30]",0.0005,linear_decay,0.2,False,200
618,logistic,0.9,128,500,"[60, 30]",0.0001,fixed,0.0001,True,200
619,logistic,0.8,128,500,"[30, 30, 30]",0.0005,fixed,0.0005,True,200
620,logistic,0.75,128,500,"[30, 30, 30]",0.001,fixed,0.001,True,200
621,logistic,0.75,128,500,"[30, 30]",0.0005,fixed,0.0005,False,200
622,logistic,0.75,128,500,"[30, 30, 30]",0.001,fixed,0.001,False,200
623,logistic,0.85,128,500,"[60, 30]",0.001,fixed,0.0005,False,200
624,logistic,0.75,128,500,"[30, 60]",0.0005,fixed,0.0005,True,200
625,logistic,0.85,128,500,"[30, 30]",0.001,fixed,0.0005,True,200
626,logistic,0.9,128,500,"[60, 30]",0.0001,fixed,0.0001,False,200
627,logistic,0.75,128,500,"[30, 30]",0.0005,linear_decay,0.2,False,500
628,logistic,0.75,128,500,"[30, 60]",0.0005,fixed,0.0005,False,200
629,logistic,0.85,128,500,"[30, 30]",0.001,fixed,0.0005,False,200
630,logistic,0.85,128,500,"[60, 30]",0.001,fixed,0.0005,True,200
631,logistic,0.9,128,500,"[60, 30]",0.00025,fixed,0.0001,True,200
632,logistic,0.9,128,500,"[30, 60]",0.0001,fixed,0.0001,True,200
633,logistic,0.75,128,500,"[30, 30, 30]",0.0005,fixed,0.0005,True,200
634,logistic,0.85,128,500,"[30, 60]",0.001,fixed,0.0005,True,200
635,logistic,0.85,128,500,"[30, 60]",0.001,fixed,0.0005,False,200
636,logistic,0.9,128,500,"[30, 30]",0.0001,fixed,0.0001,False,200
637,logistic,0.85,128,500,"[30, 30, 30]",0.001,fixed,0.0005,False,200
638,logistic,0.8,128,500,"[60, 30]",0.001,linear_decay,0.2,False,200
639,logistic,0.75,128,500,"[30, 30, 30]",0.0005,fixed,0.0005,False,200
640,logistic,0.9,128,500,"[30, 60]",0.0001,fixed,0.0001,False,200
641,logistic,0.85,128,500,"[30, 30, 30]",0.001,fixed,0.0005,True,200
642,logistic,0.75,128,500,"[30, 30, 30]",0.00025,linear_decay,0.2,False,500
643,logistic,0.8,128,500,"[60, 30]",0.001,fixed,0.0005,False,200
644,logistic,0.8,128,500,"[30, 30]",0.0001,linear_decay,0.1,True,200
645,logistic,0.8,128,500,"[30, 60]",0.001,linear_decay,0.1,True,200
646,logistic,0.9,128,500,"[30, 60]",0.00025,fixed,0.0001,False,200
647,logistic,0.9,128,500,"[30, 30]",0.0001,fixed,0.0001,True,200
648,logistic,0.8,128,500,"[60, 30]",0.001,fixed,0.0005,True,200
649,logistic,0.9,128,500,"[30, 60]",0.00025,fixed,0.0001,True,200
650,logistic,0.8,128,500,"[30, 60]",0.001,fixed,0.0005,False,200
651,logistic,0.75,128,500,"[30, 30]",0.0001,linear_decay,0.1,True,200
652,logistic,0.9,128,500,"[60, 30]",0.00025,fixed,0.0001,False,200
653,logistic,0.8,128,500,"[30, 60]",0.0001,linear_decay,0.1,True,200
654,logistic,0.8,128,500,"[30, 30]",0.001,fixed,0.0005,True,200
655,logistic,0.8,128,500,"[30, 60]",0.001,fixed,0.0005,True,200
656,logistic,0.8,128,500,"[30, 30]",0.001,fixed,0.0005,False,200
657,logistic,0.75,128,500,"[30, 60]",0.0001,linear_decay,0.1,True,200
658,logistic,0.85,128,500,"[60, 30]",0.0001,fixed,0.0001,True,200
659,logistic,0.9,128,500,"[30, 30]",0.00025,fixed,0.0001,False,200
660,logistic,0.9,128,500,"[30, 30]",0.00025,fixed,0.0001,True,200
661,logistic,0.8,128,500,"[60, 30]",0.00025,linear_decay,0.2,False,200
662,logistic,0.8,128,500,"[30, 30, 30]",0.001,fixed,0.0005,True,200
663,logistic,0.85,128,500,"[30, 60]",0.0001,fixed,0.0001,False,200
664,logistic,0.8,128,500,"[30, 30, 30]",0.001,linear_decay,0.1,True,500
665,logistic,0.75,128,500,"[60, 30]",0.001,fixed,0.0005,False,200
666,logistic,0.75,128,500,"[30, 60]",0.00025,linear_decay,0.1,True,500
667,logistic,0.75,128,500,"[60, 30]",0.001,fixed,0.0005,True,200
668,logistic,0.9,128,500,"[30, 30, 30]",0.0001,fixed,0.0001,True,200
669,logistic,0.75,128,500,"[30, 60]",0.001,linear_decay,0.1,True,500
670,logistic,0.8,128,500,"[60, 30]",0.0005,linear_decay,0.2,False,200
671,logistic,0.75,128,500,"[30, 60]",0.001,fixed,0.0005,True,200
672,logistic,0.8,128,500,"[30, 30, 30]",0.001,fixed,0.0005,False,200
673,logistic,0.75,128,500,"[30, 30]",0.001,fixed,0.0005,True,200
674,logistic,0.9,128,500,"[60, 30]",0.0005,fixed,0.0001,False,200
675,logistic,0.75,128,500,"[30, 30]",0.001,fixed,0.0005,False,200
676,logistic,0.9,128,500,"[30, 30, 30]",0.0001,fixed,0.0001,False,200
677,logistic,0.75,128,500,"[30, 60]",0.001,fixed,0.0005,False,200
678,logistic,0.9,128,500,"[60, 30]",0.0005,fixed,0.0001,True,200
679,logistic,0.85,128,500,"[30, 60]",0.0001,fixed,0.0001,True,200
680,logistic,0.85,128,500,"[60, 30]",0.0001,fixed,0.0001,False,200
681,logistic,0.75,128,500,"[30, 60]",0.001,linear_decay,0.1,True,200
682,logistic,0.9,128,500,"[30, 60]",0.0005,fixed,0.0001,True,200
683,logistic,0.85,128,500,"[60, 30]",0.00025,fixed,0.0001,False,200
684,logistic,0.85,128,500,"[30, 30]",0.0001,fixed,0.0001,False,200
685,logistic,0.9,128,500,"[30, 30]",0.0005,fixed,0.0001,False,200
686,logistic,0.9,128,500,"[30, 60]",0.0005,fixed,0.0001,False,200
687,logistic,0.75,128,500,"[60, 30]",0.0005,linear_decay,0.2,False,200
688,logistic,0.85,128,500,"[30, 60]",0.00025,fixed,0.0001,False,200
689,logistic,0.85,128,500,"[60, 30]",0.00025,fixed,0.0001,True,200
690,logistic,0.75,128,500,"[60, 30]",0.0001,linear_decay,0.2,False,500
691,logistic,0.9,128,500,"[30, 30, 30]",0.00025,fixed,0.0001,False,200
692,logistic,0.75,128,500,"[30, 30, 30]",0.001,fixed,0.0005,True,200
693,logistic,0.9,128,500,"[30, 30, 30]",0.00025,fixed,0.0001,True,200
694,logistic,0.85,128,500,"[30, 60]",0.00025,fixed,0.0001,True,200
695,logistic,0.9,128,500,"[30, 30]",0.0005,fixed,0.0001,True,200
696,logistic,0.85,128,500,"[30, 30]",0.0001,fixed,0.0001,True,200
697,logistic,0.8,128,500,"[60, 30]",0.0005,linear_decay,0.1,True,500
698,logistic,0.75,128,500,"[30, 30, 30]",0.001,fixed,0.0005,False,200
699,logistic,0.8,128,500,"[30, 60]",0.0001,fixed,0.0001,True,200
700,logistic,0.8,128,500,"[30, 60]",0.0001,fixed,0.0001,False,200
701,logistic,0.8,128,500,"[60, 30]",0.0001,fixed,0.0001,False,200
702,logistic,0.75,128,500,"[30, 30]",0.001,linear_decay,0.2,False,500
703,logistic,0.8,128,500,"[60, 30]",0.0001,fixed,0.0001,True,200
704,logistic,0.8,128,500,"[30, 30]",0.0001,fixed,0.0001,False,200
705,logistic,0.85,128,500,"[30, 30]",0.00025,fixed,0.0001,True,200
706,logistic,0.75,128,500,"[30, 60]",0.0001,fixed,0.0001,True,200
707,logistic,0.85,128,500,"[30, 60]",0.0005,fixed,0.0001,True,200
708,logistic,0.85,128,500,"[60, 30]",0.0005,fixed,0.0001,False,200
709,logistic,0.75,128,500,"[30, 60]",0.0001,fixed,0.0001,False,200
710,logistic,0.8,128,500,"[30, 60]",0.00025,fixed,0.0001,False,200
711,logistic,0.85,128,500,"[30, 30]",0.00025,fixed,0.0001,False,200
712,logistic,0.8,128,500,"[30, 60]",0.00025,fixed,0.0001,True,200
713,logistic,0.9,128,500,"[30, 30, 30]",0.0005,fixed,0.0001,False,200
714,logistic,0.75,128,500,"[60, 30]",0.0001,linear_decay,0.2,False,200
715,logistic,0.85,128,500,"[30, 30, 30]",0.0001,fixed,0.0001,True,200
716,logistic,0.8,128,500,"[60, 30]",0.00025,fixed,0.0001,False,200
717,logistic,0.75,128,500,"[60, 30]",0.00025,linear_decay,0.2,False,200
718,logistic,0.85,128,500,"[30, 60]",0.0005,fixed,0.0001,False,200
719,logistic,0.8,128,500,"[60, 30]",0.00025,fixed,0.0001,True,200
720,logistic,0.85,128,500,"[60, 30]",0.0005,fixed,0.0001,True,200
721,logistic,0.75,128,500,"[60, 30]",0.001,linear_decay,0.2,False,200
722,logistic,0.75,128,500,"[30, 60]",0.00025,fixed,0.0001,True,200
723,logistic,0.9,128,500,"[30, 30, 30]",0.0005,fixed,0.0001,True,200
724,logistic,0.8,128,500,"[30, 30]",0.0001,fixed,0.0001,True,200
725,logistic,0.85,128,500,"[30, 30, 30]",0.0001,fixed,0.0001,False,200
726,logistic,0.85,128,500,"[30, 30]",0.0005,fixed,0.0001,True,200
727,logistic,0.8,128,500,"[60, 30]",0.0005,linear_decay,0.2,False,500
728,logistic,0.9,128,500,"[30, 60]",0.001,fixed,0.0001,False,200
729,logistic,0.9,128,500,"[30, 60]",0.001,fixed,0.0001,True,200
730,logistic,0.9,128,500,"[60, 30]",0.001,fixed,0.0001,True,200
731,logistic,0.8,128,500,"[30, 30]",0.00025,fixed,0.0001,True,200
732,logistic,0.75,128,500,"[60, 30]",0.0001,fixed,0.0001,False,200
733,logistic,0.85,128,500,"[30, 30, 30]",0.00025,fixed,0.0001,True,200
734,logistic,0.75,128,500,"[30, 60]",0.00025,fixed,0.0001,False,200
735,logistic,0.9,128,500,"[60, 30]",0.001,fixed,0.0001,False,200
736,logistic,0.85,128,500,"[30, 30]",0.0005,fixed,0.0001,False,200
737,logistic,0.75,128,500,"[30, 30, 30]",0.00025,linear_decay,0.1,True,200
738,logistic,0.8,128,500,"[30, 30, 30]",0.0005,linear_decay,0.1,True,200
739,logistic,0.75,128,500,"[30, 30]",0.0001,fixed,0.0001,False,200
740,logistic,0.8,128,500,"[30, 30]",0.00025,fixed,0.0001,False,200
741,logistic,0.9,128,500,"[30, 30]",0.001,fixed,0.0001,False,200
742,logistic,0.8,128,500,"[30, 60]",0.0005,fixed,0.0001,True,200
743,logistic,0.85,128,500,"[30, 30]",0.0005,linear_decay,0.1,True,500
744,logistic,0.9,128,500,"[30, 30]",0.001,fixed,0.0001,True,200
745,logistic,0.75,128,500,"[30, 30]",0.0001,fixed,0.0001,True,200
746,logistic,0.75,128,500,"[30, 30]",0.0001,linear_decay,0.2,False,200
747,logistic,0.75,128,500,"[30, 30, 30]",0.0001,linear_decay,0.1,True,200
748,logistic,0.8,128,500,"[30, 30, 30]",0.0001,fixed,0.0001,False,200
749,logistic,0.75,128,500,"[30, 30, 30]",0.0005,linear_decay,0.1,True,500
750,logistic,0.75,128,500,"[60, 30]",0.0001,fixed,0.0001,True,200
751,logistic,0.75,128,500,"[60, 30]",0.00025,linear_decay,0.2,False,500
752,logistic,0.75,128,500,"[60, 30]",0.001,linear_decay,0.2,False,500
753,logistic,0.8,128,500,"[30, 30]",0.0005,linear_decay,0.1,True,500
754,logistic,0.8,128,500,"[30, 30, 30]",0.0001,linear_decay,0.1,True,500
755,logistic,0.75,128,500,"[60, 30]",0.00025,fixed,0.0001,True,200
756,logistic,0.75,128,500,"[30, 60]",0.00025,linear_decay,0.1,True,200
757,logistic,0.8,128,500,"[30, 30]",0.001,linear_decay,0.1,True,500
758,logistic,0.8,128,500,"[30, 60]",0.0001,linear_decay,0.1,True,500
759,logistic,0.75,128,500,"[30, 30]",0.00025,linear_decay,0.2,False,200
760,logistic,0.75,128,500,"[30, 60]",0.001,linear_decay,0.2,False,200
761,logistic,0.8,128,500,"[30, 30]",0.0005,linear_decay,0.2,False,500
762,logistic,0.8,128,500,"[30, 30]",0.00025,linear_decay,0.2,False,200
763,logistic,0.75,128,500,"[60, 30]",0.00025,fixed,0.0001,False,200
764,logistic,0.8,128,500,"[60, 30]",0.001,linear_decay,0.2,False,500
765,logistic,0.85,128,500,"[30, 30, 30]",0.00025,fixed,0.0001,False,200
766,logistic,0.8,128,500,"[30, 30]",0.0001,linear_decay,0.1,True,500
767,logistic,0.8,128,500,"[30, 60]",0.0005,fixed,0.0001,False,200
768,logistic,0.75,128,500,"[60, 30]",0.001,linear_decay,0.2,True,200
769,logistic,0.75,128,500,"[30, 30]",0.00025,fixed,0.0001,True,200
770,logistic,0.8,128,500,"[60, 30]",0.0005,fixed,0.0001,True,200
771,logistic,0.85,128,500,"[30, 30]",0.00025,linear_decay,0.2,False,500
772,logistic,0.85,128,500,"[30, 30]",0.0001,linear_decay,0.2,False,200
773,logistic,0.8,128,500,"[30, 30]",0.0005,fixed,0.0001,False,200
774,logistic,0.75,128,500,"[30, 30]",0.00025,fixed,0.0001,False,200
775,logistic,0.8,128,500,"[60, 30]",0.0005,fixed,0.0001,False,200
776,logistic,0.75,128,500,"[30, 30]",0.0005,linear_decay,0.2,True,200
777,logistic,0.75,128,500,"[30, 60]",0.0001,linear_decay,0.1,True,500
778,logistic,0.8,128,500,"[30, 30]",0.0005,linear_decay,0.2,True,200
779,logistic,0.75,128,500,"[30, 60]",0.0005,fixed,0.0001,False,200
780,logistic,0.8,128,500,"[30, 30, 30]",0.0001,fixed,0.0001,True,200
781,logistic,0.75,128,500,"[30, 30, 30]",0.001,linear_decay,0.1,True,500
782,logistic,0.75,128,500,"[30, 60]",0.0005,fixed,0.0001,True,200
783,logistic,0.8,128,500,"[30, 30]",0.0001,linear_decay,0.2,False,500
784,logistic,0.75,128,500,"[60, 30]",0.0005,linear_decay,0.2,False,500
785,logistic,0.85,128,500,"[30, 60]",0.001,fixed,0.0001,False,200
786,logistic,0.75,128,500,"[60, 30]",0.0005,fixed,0.0001,True,200
787,logistic,0.85,128,500,"[30, 60]",0.001,fixed,0.0001,True,200
788,logistic,0.85,128,500,"[30, 30, 30]",0.0005,fixed,0.0001,False,200
789,logistic,0.8,128,500,"[30, 60]",0.001,linear_decay,0.1,True,500
790,logistic,0.75,128,500,"[60, 30]",0.0005,fixed,0.0001,False,200
791,logistic,0.8,128,500,"[30, 30]",0.0005,fixed,0.0001,True,200
792,logistic,0.75,128,500,"[60, 30]",0.0001,linear_decay,0.2,True,200
793,logistic,0.8,128,500,"[30, 30, 30]",0.00025,fixed,0.0001,True,200
794,logistic,0.75,128,500,"[30, 30, 30]",0.00025,linear_decay,0.1,True,500
795,logistic,0.75,128,500,"[30, 30]",0.0005,fixed,0.0001,True,200
796,logistic,0.8,128,500,"[60, 30]",0.0001,linear_decay,0.2,False,200
797,logistic,0.85,128,500,"[60, 30]",0.001,fixed,0.0001,True,200
798,logistic,0.85,128,500,"[30, 30, 30]",0.0005,fixed,0.0001,True,200
799,logistic,0.85,128,500,"[60, 30]",0.001,fixed,0.0001,False,200
800,logistic,0.8,128,500,"[30, 60]",0.00025,linear_decay,0.1,True,500
801,logistic,0.75,128,500,"[30, 60]",0.0005,linear_decay,0.1,True,500
802,logistic,0.8,128,500,"[30, 30, 30]",0.00025,fixed,0.0001,False,200
803,logistic,0.85,128,500,"[30, 30]",0.001,fixed,0.0001,False,200
804,logistic,0.75,128,500,"[30, 30, 30]",0.0001,fixed,0.0001,True,200
805,logistic,0.9,128,500,"[30, 30, 30]",0.001,fixed,0.0001,False,200
806,logistic,0.75,128,500,"[30, 30]",0.0005,fixed,0.0001,False,200
807,logistic,0.8,128,500,"[30, 30]",0.001,linear_decay,0.2,False,200
808,logistic,0.8,128,500,"[30, 30, 30]",0.0005,linear_decay,0.1,True,500
809,logistic,0.85,128,500,"[30, 30]",0.001,fixed,0.0001,True,200
810,logistic,0.75,128,500,"[30, 30, 30]",0.0001,fixed,0.0001,False,200
811,logistic,0.9,128,500,"[30, 30, 30]",0.001,fixed,0.0001,True,200
812,logistic,0.85,128,500,"[30, 30]",0.0005,linear_decay,0.2,False,200
813,logistic,0.75,128,500,"[30, 30]",0.0001,linear_decay,0.2,True,200
814,logistic,0.8,128,500,"[30, 60]",0.001,fixed,0.0001,False,200
815,logistic,0.8,128,500,"[30, 30]",0.001,linear_decay,0.2,True,500
816,logistic,0.85,128,500,"[30, 30]",0.00025,linear_decay,0.2,True,500
817,logistic,0.8,128,500,"[30, 60]",0.001,fixed,0.0001,True,200
818,logistic,0.75,128,500,"[30, 30, 30]",0.00025,fixed,0.0001,True,200
819,logistic,0.75,128,500,"[30, 30, 30]",0.0005,linear_decay,0.2,False,500
820,logistic,0.8,128,500,"[30, 30, 30]",0.0005,fixed,0.0001,False,200
821,logistic,0.8,128,500,"[30, 30, 30]",0.0005,fixed,0.0001,True,200
822,logistic,0.75,128,500,"[30, 30, 30]",0.00025,fixed,0.0001,False,200
823,logistic,0.85,128,500,"[30, 30]",0.0005,linear_decay,0.2,False,500
824,logistic,0.8,128,500,"[60, 30]",0.001,fixed,0.0001,True,200
825,logistic,0.8,128,500,"[60, 30]",0.001,fixed,0.0001,False,200
826,logistic,0.8,128,500,"[30, 30]",0.001,fixed,0.0001,True,200
827,logistic,0.8,128,500,"[30, 30, 30]",0.00025,linear_decay,0.1,True,500
828,logistic,0.75,128,500,"[30, 60]",0.00025,linear_decay,0.2,False,500
829,logistic,0.75,128,500,"[30, 60]",0.001,fixed,0.0001,True,200
830,logistic,0.75,128,500,"[30, 60]",0.001,fixed,0.0001,False,200
831,logistic,0.8,128,500,"[30, 30]",0.00025,linear_decay,0.2,True,200
832,logistic,0.75,128,500,"[60, 30]",0.00025,linear_decay,0.2,True,200
833,logistic,0.85,128,500,"[30, 30, 30]",0.001,fixed,0.0001,False,200
834,logistic,0.8,128,500,"[30, 30]",0.001,fixed,0.0001,False,200
835,logistic,0.75,128,500,"[30, 30, 30]",0.0005,fixed,0.0001,False,200
836,logistic,0.85,128,500,"[30, 30, 30]",0.001,fixed,0.0001,True,200
837,logistic,0.75,128,500,"[30, 30, 30]",0.0005,fixed,0.0001,True,200
838,logistic,0.75,128,500,"[60, 30]",0.001,linear_decay,0.2,True,500
839,logistic,0.75,128,500,"[30, 30, 30]",0.0005,linear_decay,0.2,False,200
840,logistic,0.75,128,500,"[60, 30]",0.001,fixed,0.0001,True,200
841,logistic,0.8,128,500,"[60, 30]",0.0001,linear_decay,0.2,False,500
842,logistic,0.75,128,500,"[30, 30]",0.00025,linear_decay,0.2,True,500
843,logistic,0.75,128,500,"[30, 30]",0.001,linear_decay,0.2,True,500
844,logistic,0.75,128,500,"[60, 30]",0.0005,linear_decay,0.2,True,200
845,logistic,0.75,128,500,"[60, 30]",0.001,fixed,0.0001,False,200
846,logistic,0.8,128,500,"[30, 60]",0.0001,linear_decay,0.2,False,500
847,logistic,0.75,128,500,"[30, 60]",0.001,linear_decay,0.2,False,500
848,logistic,0.75,128,500,"[30, 30]",0.001,linear_decay,0.2,True,200
849,logistic,0.75,128,500,"[30, 30]",0.001,fixed,0.0001,True,200
850,logistic,0.75,128,500,"[30, 30]",0.001,fixed,0.0001,False,200
851,logistic,0.8,128,500,"[60, 30]",0.001,linear_decay,0.2,True,500
852,logistic,0.85,128,500,"[30, 30]",0.0001,linear_decay,0.2,False,500
853,logistic,0.8,128,500,"[30, 30]",0.00025,linear_decay,0.2,True,500
854,logistic,0.8,128,500,"[60, 30]",0.00025,linear_decay,0.2,False,500
855,logistic,0.8,128,500,"[30, 30, 30]",0.00025,linear_decay,0.2,False,200
856,logistic,0.8,128,500,"[30, 30, 30]",0.001,fixed,0.0001,True,200
857,logistic,0.8,128,500,"[30, 60]",0.001,linear_decay,0.2,False,500
858,logistic,0.8,128,500,"[30, 30, 30]",0.001,fixed,0.0001,False,200
859,logistic,0.75,128,500,"[30, 30]",0.0005,linear_decay,0.2,True,500
860,logistic,0.85,128,500,"[30, 30]",0.0001,linear_decay,0.2,True,200
861,logistic,0.8,128,500,"[60, 30]",0.0005,linear_decay,0.2,True,500
862,logistic,0.8,128,500,"[60, 30]",0.0005,linear_decay,0.2,True,200
863,logistic,0.8,128,500,"[30, 60]",0.0005,linear_decay,0.1,True,500
864,logistic,0.75,128,500,"[30, 60]",0.0001,linear_decay,0.2,False,200
865,logistic,0.75,128,500,"[60, 30]",0.0005,linear_decay,0.2,True,500
866,logistic,0.75,128,500,"[30, 60]",0.00025,linear_decay,0.2,False,200
867,logistic,0.75,128,500,"[30, 60]",0.0005,linear_decay,0.2,False,500
868,logistic,0.8,128,500,"[30, 30]",0.0005,linear_decay,0.2,True,500
869,logistic,0.8,128,500,"[60, 30]",0.00025,linear_decay,0.2,True,500
870,logistic,0.8,128,500,"[30, 30, 30]",0.00025,linear_decay,0.2,False,500
871,logistic,0.8,128,500,"[30, 60]",0.00025,linear_decay,0.2,False,500
872,logistic,0.8,128,500,"[60, 30]",0.0001,linear_decay,0.2,True,500
873,logistic,0.75,128,500,"[30, 30, 30]",0.001,fixed,0.0001,True,200
874,logistic,0.8,128,500,"[60, 30]",0.001,linear_decay,0.2,True,200
875,logistic,0.75,128,500,"[30, 30, 30]",0.001,fixed,0.0001,False,200
876,logistic,0.75,128,500,"[30, 60]",0.00025,linear_decay,0.2,True,200
877,logistic,0.8,128,500,"[30, 30]",0.0001,linear_decay,0.2,False,200
878,logistic,0.8,128,500,"[30, 30, 30]",0.001,linear_decay,0.2,False,200
879,logistic,0.75,128,500,"[30, 30, 30]",0.00025,linear_decay,0.2,False,200
880,logistic,0.8,128,500,"[30, 60]",0.0005,linear_decay,0.2,False,500
881,logistic,0.75,128,500,"[30, 30]",0.00025,linear_decay,0.2,True,200
882,logistic,0.85,128,500,"[30, 30]",0.0001,linear_decay,0.2,True,500
883,logistic,0.75,128,500,"[30, 60]",0.0001,linear_decay,0.2,False,500
884,logistic,0.75,128,500,"[30, 30, 30]",0.001,linear_decay,0.2,False,500
885,logistic,0.75,128,500,"[30, 30]",0.0001,linear_decay,0.2,True,500
886,logistic,0.75,128,500,"[30, 30, 30]",0.0001,linear_decay,0.2,False,200
887,logistic,0.8,128,500,"[30, 60]",0.001,linear_decay,0.2,False,200
888,logistic,0.8,128,500,"[30, 30]",0.0001,linear_decay,0.2,True,500
889,logistic,0.75,128,500,"[30, 30, 30]",0.001,linear_decay,0.2,False,200
890,logistic,0.75,128,500,"[30, 60]",0.001,linear_decay,0.2,True,500
891,logistic,0.75,128,500,"[60, 30]",0.0001,linear_decay,0.2,True,500
892,logistic,0.8,128,500,"[30, 30, 30]",0.0001,linear_decay,0.2,False,500
893,logistic,0.8,128,500,"[30, 60]",0.00025,linear_decay,0.2,False,200
894,logistic,0.8,128,500,"[30, 30, 30]",0.0005,linear_decay,0.2,False,500
895,logistic,0.75,128,500,"[30, 60]",0.0005,linear_decay,0.2,True,200
896,logistic,0.75,128,500,"[60, 30]",0.00025,linear_decay,0.2,True,500
897,logistic,0.8,128,500,"[30, 60]",0.00025,linear_decay,0.2,True,200
898,logistic,0.8,128,500,"[30, 30]",0.001,linear_decay,0.2,True,200
899,logistic,0.85,128,500,"[30, 30]",0.00025,linear_decay,0.2,True,200
900,logistic,0.8,128,500,"[30, 30]",0.0001,linear_decay,0.2,True,200
901,logistic,0.85,128,500,"[30, 30]",0.0005,linear_decay,0.2,True,200
902,logistic,0.85,128,500,"[30, 30]",0.0005,linear_decay,0.2,True,500
903,logistic,0.8,128,500,"[60, 30]",0.0001,linear_decay,0.2,True,200
904,logistic,0.75,128,500,"[30, 30, 30]",0.0001,linear_decay,0.2,False,500
905,logistic,0.75,128,500,"[30, 60]",0.0005,linear_decay,0.2,False,200
906,logistic,0.75,128,500,"[30, 60]",0.0001,linear_decay,0.2,True,500
907,logistic,0.75,128,500,"[30, 60]",0.0005,linear_decay,0.2,True,500
908,logistic,0.8,128,500,"[30, 60]",0.00025,linear_decay,0.2,True,500
909,logistic,0.8,128,500,"[30, 60]",0.0001,linear_decay,0.2,False,200
910,logistic,0.8,128,500,"[30, 60]",0.001,linear_decay,0.2,True,500
911,logistic,0.8,128,500,"[30, 60]",0.0005,linear_decay,0.2,True,500
912,logistic,0.8,128,500,"[30, 30, 30]",0.001,linear_decay,0.2,False,500
913,logistic,0.8,128,500,"[30, 60]",0.0005,linear_decay,0.2,False,200
914,logistic,0.8,128,500,"[30, 30, 30]",0.0001,linear_decay,0.2,False,200
915,logistic,0.8,128,500,"[30, 60]",0.0005,linear_decay,0.2,True,200
916,logistic,0.75,128,500,"[30, 30, 30]",0.001,linear_decay,0.2,True,200
917,logistic,0.75,128,500,"[30, 30, 30]",0.00025,linear_decay,0.2,True,500
918,logistic,0.8,128,500,"[30, 30, 30]",0.0005,linear_decay,0.2,True,200
919,logistic,0.75,128,500,"[30, 60]",0.00025,linear_decay,0.2,True,500
920,logistic,0.8,128,500,"[60, 30]",0.00025,linear_decay,0.2,True,200
921,logistic,0.75,128,500,"[30, 30, 30]",0.00025,linear_decay,0.2,True,200
922,logistic,0.8,128,500,"[30, 30, 30]",0.00025,linear_decay,0.2,True,200
923,logistic,0.75,128,500,"[30, 30, 30]",0.0001,linear_decay,0.2,True,200
924,logistic,0.75,128,500,"[30, 60]",0.0001,linear_decay,0.2,True,200
925,logistic,0.8,128,500,"[30, 30, 30]",0.001,linear_decay,0.2,True,500
926,logistic,0.75,128,500,"[30, 30, 30]",0.0005,linear_decay,0.2,True,200
927,logistic,0.75,128,500,"[30, 60]",0.001,linear_decay,0.2,True,200
928,logistic,0.8,128,500,"[30, 60]",0.001,linear_decay,0.2,True,200
929,logistic,0.8,128,500,"[30, 30, 30]",0.0001,linear_decay,0.2,True,500
930,logistic,0.8,128,500,"[30, 30, 30]",0.0005,linear_decay,0.2,True,500
931,logistic,0.8,128,500,"[30, 60]",0.0001,linear_decay,0.2,True,500
932,logistic,0.8,128,500,"[30, 30, 30]",0.00025,linear_decay,0.2,True,500
933,logistic,0.8,128,500,"[30, 60]",0.0001,linear_decay,0.2,True,200
934,logistic,0.75,128,500,"[30, 30, 30]",0.001,linear_decay,0.2,True,500
935,logistic,0.8,128,500,"[30, 30, 30]",0.0005,linear_decay,0.2,False,200
936,logistic,0.8,128,500,"[30, 30, 30]",0.0001,linear_decay,0.2,True,200
937,logistic,0.75,128,500,"[30, 30, 30]",0.0005,linear_decay,0.2,True,500
938,logistic,0.8,128,500,"[30, 30, 30]",0.001,linear_decay,0.2,True,200
939,logistic,0.75,128,500,"[30, 30, 30]",0.0001,linear_decay,0.2,True,500
