,alpha,hidden_layer_sizes,lambd,learning_rate,learning_rate_init,nesterov
0,0.75,"[60, 30]",0.0001,linear_decay,0.06,False
1,0.8,"[60, 30]",0.0005,linear_decay,0.06,False
2,0.85,"[60, 30]",0.0001,linear_decay,0.05,False
3,0.8,"[60, 30]",0.00025,linear_decay,0.06,False
4,0.7,"[30, 30, 30]",0.0001,linear_decay,0.06,False
5,0.8,"[60, 30]",0.0005,linear_decay,0.08,True
6,0.85,"[60, 30]",0.0005,linear_decay,0.06,False
7,0.65,"[60, 30]",0.00025,linear_decay,0.12,False
8,0.85,"[60, 30]",0.00025,linear_decay,0.05,False
9,0.9,"[60, 30]",0.00025,fixed,0.008,True
10,0.8,"[60, 30]",0.001,linear_decay,0.08,True
11,0.85,"[30, 30, 30]",0.00025,linear_decay,0.04,False
12,0.7,"[60, 30]",0.0001,linear_decay,0.06,False
13,0.65,"[60, 30]",0.0005,linear_decay,0.12,False
14,0.85,"[60, 30]",0.0001,linear_decay,0.06,False
15,0.6,"[30, 30, 30]",0.0001,linear_decay,0.12,True
16,0.85,"[60, 30]",0.00025,linear_decay,0.04,False
17,0.8,"[30, 30, 30]",0.0001,fixed,0.008,False
18,0.6,"[30, 30, 30]",0.0001,linear_decay,0.08,True
19,0.7,"[60, 30]",0.00025,linear_decay,0.08,False
20,0.75,"[60, 30]",0.0005,linear_decay,0.08,False
21,0.75,"[60, 30]",0.001,linear_decay,0.12,False
22,0.8,"[60, 30]",0.0001,linear_decay,0.06,False
23,0.75,"[60, 30]",0.00025,linear_decay,0.08,False
24,0.85,"[60, 30]",0.0001,linear_decay,0.04,True
25,0.7,"[60, 30]",0.0005,linear_decay,0.08,False
26,0.65,"[30, 30, 30]",0.00025,linear_decay,0.08,True
27,0.9,"[60, 30]",0.0001,fixed,0.006,True
28,0.85,"[30, 30, 30]",0.0001,linear_decay,0.05,False
29,0.75,"[60, 30]",0.001,linear_decay,0.08,True
30,0.85,"[60, 30]",0.0005,linear_decay,0.05,False
31,0.7,"[30, 30, 30]",0.0001,linear_decay,0.12,False
32,0.8,"[30, 30, 30]",0.001,linear_decay,0.1,False
33,0.65,"[60, 30]",0.00025,linear_decay,0.08,False
34,0.7,"[60, 30]",0.0005,linear_decay,0.1,True
35,0.75,"[30, 30, 30]",0.0001,linear_decay,0.08,False
36,0.75,"[30, 30, 30]",0.0005,linear_decay,0.06,False
37,0.85,"[60, 30]",0.0001,linear_decay,0.04,False
38,0.85,"[30, 30, 30]",0.00025,linear_decay,0.04,True
39,0.7,"[60, 30]",0.00025,linear_decay,0.12,False
40,0.85,"[60, 30]",0.0005,linear_decay,0.06,True
41,0.65,"[60, 30]",0.0001,linear_decay,0.1,False
42,0.75,"[60, 30]",0.0001,linear_decay,0.04,False
43,0.7,"[30, 30, 30]",0.00025,linear_decay,0.12,False
44,0.6,"[60, 30]",0.0001,linear_decay,0.08,False
45,0.75,"[30, 30, 30]",0.00025,linear_decay,0.06,True
46,0.85,"[60, 30]",0.001,linear_decay,0.08,False
47,0.8,"[60, 30]",0.0001,linear_decay,0.04,False
48,0.85,"[60, 30]",0.0005,linear_decay,0.04,False
49,0.75,"[60, 30]",0.0005,linear_decay,0.06,False
50,0.8,"[60, 30]",0.0005,linear_decay,0.05,False
51,0.85,"[30, 30, 30]",0.0005,linear_decay,0.06,False
52,0.8,"[60, 30]",0.00025,linear_decay,0.05,True
53,0.8,"[30, 30, 30]",0.00025,linear_decay,0.04,True
54,0.65,"[30, 30, 30]",0.00025,linear_decay,0.1,False
55,0.7,"[30, 30, 30]",0.00025,linear_decay,0.08,True
56,0.7,"[30, 30, 30]",0.00025,linear_decay,0.05,False
57,0.85,"[60, 30]",0.001,linear_decay,0.05,True
58,0.6,"[60, 30]",0.00025,linear_decay,0.1,False
59,0.9,"[60, 30]",0.0001,fixed,0.008,True
60,0.75,"[60, 30]",0.0005,linear_decay,0.12,False
61,0.8,"[30, 30, 30]",0.00025,linear_decay,0.06,True
62,0.8,"[60, 30]",0.00025,linear_decay,0.08,False
63,0.8,"[30, 30, 30]",0.00025,linear_decay,0.06,False
64,0.75,"[60, 30]",0.00025,linear_decay,0.06,True
65,0.75,"[30, 30, 30]",0.00025,linear_decay,0.05,True
66,0.6,"[30, 30, 30]",0.00025,linear_decay,0.06,True
67,0.8,"[30, 30, 30]",0.00025,linear_decay,0.04,False
68,0.7,"[60, 30]",0.0001,linear_decay,0.08,False
69,0.65,"[60, 30]",0.00025,linear_decay,0.06,True
70,0.9,"[60, 30]",5e-05,fixed,0.008,False
71,0.85,"[60, 30]",0.00025,linear_decay,0.06,False
72,0.7,"[60, 30]",0.0001,linear_decay,0.1,False
73,0.85,"[30, 30, 30]",0.0005,linear_decay,0.06,True
74,0.85,"[60, 30]",0.0005,linear_decay,0.05,True
75,0.8,"[30, 30, 30]",0.0005,linear_decay,0.05,True
76,0.9,"[60, 30]",5e-05,fixed,0.006,True
77,0.85,"[60, 30]",0.0005,linear_decay,0.08,False
78,0.6,"[60, 30]",0.0001,linear_decay,0.08,True
79,0.7,"[60, 30]",0.00025,linear_decay,0.06,False
80,0.6,"[30, 30, 30]",0.0005,linear_decay,0.1,True
81,0.85,"[30, 30, 30]",0.0005,linear_decay,0.05,False
82,0.7,"[30, 30, 30]",0.00025,linear_decay,0.05,True
83,0.6,"[60, 30]",0.001,linear_decay,0.1,False
84,0.65,"[30, 30, 30]",0.0005,linear_decay,0.08,True
85,0.6,"[30, 30, 30]",0.00025,linear_decay,0.08,True
86,0.65,"[30, 30, 30]",0.0001,linear_decay,0.05,True
87,0.65,"[30, 30, 30]",0.0001,linear_decay,0.1,True
88,0.75,"[60, 30]",0.0001,linear_decay,0.06,True
89,0.65,"[60, 30]",0.00025,linear_decay,0.08,True
90,0.8,"[30, 30, 30]",0.00025,linear_decay,0.05,True
91,0.65,"[60, 30]",0.0005,linear_decay,0.1,True
92,0.7,"[30, 30, 30]",0.0005,linear_decay,0.1,False
93,0.8,"[60, 30]",0.0001,linear_decay,0.05,True
94,0.85,"[60, 30]",5e-05,fixed,0.008,False
95,0.85,"[60, 30]",0.001,linear_decay,0.06,True
96,0.9,"[30, 30, 30]",5e-05,fixed,0.006,False
97,0.8,"[60, 30]",0.0005,linear_decay,0.12,False
98,0.75,"[60, 30]",0.0001,linear_decay,0.08,True
99,0.6,"[60, 30]",0.0001,linear_decay,0.12,False
100,0.8,"[60, 30]",0.0005,linear_decay,0.1,False
101,0.8,"[60, 30]",0.001,linear_decay,0.08,False
102,0.7,"[30, 30, 30]",0.0005,linear_decay,0.08,False
103,0.6,"[60, 30]",0.00025,linear_decay,0.1,True
104,0.6,"[60, 30]",0.00025,linear_decay,0.08,False
105,0.6,"[30, 30, 30]",0.0005,linear_decay,0.12,False
106,0.8,"[30, 30, 30]",0.0001,linear_decay,0.06,False
107,0.75,"[30, 30, 30]",0.0005,linear_decay,0.12,False
108,0.75,"[30, 30, 30]",0.00025,linear_decay,0.1,False
109,0.75,"[30, 30, 30]",0.00025,linear_decay,0.04,False
110,0.65,"[30, 30, 30]",0.0005,linear_decay,0.06,True
111,0.8,"[30, 30, 30]",0.0005,linear_decay,0.06,True
112,0.85,"[30, 30, 30]",0.00025,fixed,0.008,False
113,0.65,"[30, 30, 30]",0.0005,linear_decay,0.08,False
114,0.6,"[30, 30, 30]",0.00025,linear_decay,0.1,True
115,0.75,"[60, 30]",0.0005,linear_decay,0.08,True
116,0.7,"[60, 30]",0.001,linear_decay,0.1,False
117,0.75,"[60, 30]",0.0005,linear_decay,0.1,False
118,0.75,"[60, 30]",0.00025,linear_decay,0.12,False
119,0.8,"[60, 30]",0.0005,linear_decay,0.04,False
120,0.9,"[60, 30]",0.00025,fixed,0.01,False
121,0.6,"[60, 30]",0.0001,linear_decay,0.1,True
122,0.6,"[60, 30]",0.00025,linear_decay,0.12,False
123,0.7,"[30, 30, 30]",0.00025,linear_decay,0.08,False
124,0.6,"[30, 30, 30]",0.0005,linear_decay,0.08,True
125,0.75,"[30, 30, 30]",0.00025,linear_decay,0.06,False
126,0.8,"[60, 30]",0.00025,linear_decay,0.05,False
127,0.65,"[30, 30, 30]",0.0001,linear_decay,0.06,False
128,0.7,"[30, 30, 30]",0.00025,linear_decay,0.04,False
129,0.6,"[30, 30, 30]",0.0005,linear_decay,0.12,True
130,0.7,"[30, 30, 30]",0.0001,linear_decay,0.04,False
131,0.75,"[30, 30, 30]",0.00025,linear_decay,0.12,False
132,0.85,"[30, 30, 30]",0.0005,linear_decay,0.05,True
133,0.6,"[30, 30, 30]",0.0001,linear_decay,0.12,False
134,0.9,"[60, 30]",5e-05,fixed,0.006,False
135,0.75,"[60, 30]",0.00025,linear_decay,0.05,True
136,0.7,"[60, 30]",0.0001,linear_decay,0.12,False
137,0.8,"[60, 30]",0.001,linear_decay,0.06,True
138,0.8,"[60, 30]",0.0005,linear_decay,0.06,True
139,0.9,"[30, 30, 30]",0.0001,fixed,0.004,False
140,0.75,"[60, 30]",0.00025,linear_decay,0.04,False
141,0.65,"[60, 30]",0.0001,linear_decay,0.08,False
142,0.8,"[30, 30, 30]",0.00025,linear_decay,0.1,False
143,0.75,"[30, 30, 30]",0.00025,linear_decay,0.1,True
144,0.75,"[30, 30, 30]",0.0005,linear_decay,0.05,False
145,0.7,"[30, 30, 30]",0.0001,linear_decay,0.1,False
146,0.85,"[30, 30, 30]",0.00025,linear_decay,0.05,True
147,0.85,"[60, 30]",0.00025,linear_decay,0.05,True
148,0.7,"[30, 30, 30]",0.001,linear_decay,0.08,True
149,0.85,"[30, 30, 30]",0.001,linear_decay,0.06,True
150,0.7,"[30, 30, 30]",0.0001,linear_decay,0.05,False
151,0.6,"[30, 30, 30]",0.00025,linear_decay,0.1,False
152,0.8,"[30, 30, 30]",0.0005,linear_decay,0.06,False
153,0.7,"[60, 30]",0.0005,linear_decay,0.08,True
154,0.85,"[30, 30, 30]",0.00025,linear_decay,0.05,False
155,0.85,"[60, 30]",0.001,linear_decay,0.05,False
156,0.7,"[60, 30]",0.0001,linear_decay,0.05,False
157,0.6,"[60, 30]",0.0005,linear_decay,0.12,False
158,0.7,"[30, 30, 30]",0.0005,linear_decay,0.12,False
159,0.7,"[30, 30, 30]",0.00025,linear_decay,0.06,False
160,0.75,"[60, 30]",0.0001,linear_decay,0.1,False
161,0.65,"[60, 30]",0.0001,linear_decay,0.08,True
162,0.85,"[60, 30]",0.00025,linear_decay,0.08,False
163,0.8,"[60, 30]",0.0001,linear_decay,0.05,False
164,0.6,"[60, 30]",0.0001,linear_decay,0.1,False
165,0.75,"[30, 30, 30]",0.0005,linear_decay,0.1,False
166,0.85,"[60, 30]",0.00025,linear_decay,0.06,True
167,0.6,"[30, 30, 30]",0.00025,linear_decay,0.08,False
168,0.75,"[60, 30]",0.00025,linear_decay,0.05,False
169,0.7,"[60, 30]",0.00025,linear_decay,0.06,True
170,0.9,"[60, 30]",5e-05,fixed,0.01,False
171,0.75,"[30, 30, 30]",0.0005,linear_decay,0.04,False
172,0.85,"[30, 30, 30]",0.00025,fixed,0.008,True
173,0.7,"[60, 30]",0.0001,linear_decay,0.06,True
174,0.75,"[60, 30]",0.001,linear_decay,0.08,False
175,0.85,"[60, 30]",0.0001,fixed,0.008,False
176,0.85,"[60, 30]",0.001,linear_decay,0.06,False
177,0.7,"[60, 30]",0.0001,linear_decay,0.08,True
178,0.6,"[60, 30]",0.00025,linear_decay,0.06,False
179,0.75,"[30, 30, 30]",0.0001,linear_decay,0.06,True
180,0.85,"[60, 30]",5e-05,fixed,0.01,False
181,0.75,"[30, 30, 30]",0.0005,linear_decay,0.08,False
182,0.8,"[60, 30]",0.001,linear_decay,0.05,False
183,0.75,"[30, 30, 30]",0.0005,linear_decay,0.08,True
184,0.6,"[30, 30, 30]",0.00025,linear_decay,0.05,True
185,0.75,"[60, 30]",0.0005,linear_decay,0.05,False
186,0.7,"[30, 30, 30]",0.0005,linear_decay,0.05,True
187,0.65,"[60, 30]",0.0001,linear_decay,0.06,True
188,0.8,"[30, 30, 30]",0.0001,fixed,0.01,False
189,0.65,"[60, 30]",0.0005,linear_decay,0.08,True
190,0.8,"[60, 30]",0.0005,linear_decay,0.04,True
191,0.7,"[60, 30]",0.00025,linear_decay,0.1,True
192,0.65,"[30, 30, 30]",0.0001,linear_decay,0.08,False
193,0.8,"[30, 30, 30]",0.00025,linear_decay,0.05,False
194,0.75,"[30, 30, 30]",0.001,linear_decay,0.08,False
195,0.65,"[60, 30]",0.0001,linear_decay,0.06,False
196,0.65,"[60, 30]",0.0005,linear_decay,0.06,False
197,0.7,"[60, 30]",0.0005,linear_decay,0.12,False
198,0.85,"[60, 30]",0.001,linear_decay,0.04,True
199,0.75,"[60, 30]",0.0001,linear_decay,0.05,False
200,0.8,"[30, 30, 30]",0.0005,linear_decay,0.04,True
201,0.85,"[30, 30, 30]",0.0001,linear_decay,0.06,True
202,0.9,"[60, 30]",0.0001,fixed,0.008,False
203,0.8,"[30, 30, 30]",0.001,linear_decay,0.06,True
204,0.85,"[30, 30, 30]",0.00025,linear_decay,0.06,True
205,0.7,"[60, 30]",0.00025,linear_decay,0.1,False
206,0.65,"[60, 30]",0.0005,linear_decay,0.08,False
207,0.65,"[30, 30, 30]",0.00025,linear_decay,0.06,True
208,0.9,"[60, 30]",0.00025,fixed,0.008,False
209,0.65,"[60, 30]",0.0005,linear_decay,0.1,False
210,0.75,"[30, 30, 30]",0.0005,linear_decay,0.06,True
211,0.9,"[30, 30, 30]",0.00025,fixed,0.008,False
212,0.75,"[60, 30]",0.00025,linear_decay,0.08,True
213,0.6,"[30, 30, 30]",0.0001,linear_decay,0.08,False
214,0.65,"[30, 30, 30]",0.0001,linear_decay,0.05,False
215,0.7,"[30, 30, 30]",0.001,linear_decay,0.06,True
216,0.75,"[30, 30, 30]",0.00025,linear_decay,0.08,True
217,0.6,"[30, 30, 30]",0.0005,linear_decay,0.1,False
218,0.8,"[30, 30, 30]",0.0005,linear_decay,0.04,False
219,0.85,"[60, 30]",0.001,linear_decay,0.1,True
220,0.9,"[30, 30, 30]",0.0005,fixed,0.008,False
221,0.7,"[30, 30, 30]",0.001,linear_decay,0.08,False
222,0.65,"[60, 30]",0.00025,linear_decay,0.1,False
223,0.6,"[60, 30]",0.0005,linear_decay,0.1,False
224,0.9,"[30, 30, 30]",5e-05,fixed,0.008,True
225,0.8,"[60, 30]",0.0005,linear_decay,0.08,False
226,0.6,"[60, 30]",0.0001,linear_decay,0.06,True
227,0.7,"[60, 30]",0.0005,linear_decay,0.05,False
228,0.7,"[60, 30]",0.001,linear_decay,0.08,False
229,0.7,"[60, 30]",0.001,linear_decay,0.08,True
230,0.8,"[60, 30]",0.00025,linear_decay,0.04,False
231,0.8,"[30, 30, 30]",0.001,linear_decay,0.08,False
232,0.65,"[60, 30]",0.0001,linear_decay,0.12,False
233,0.6,"[60, 30]",0.00025,linear_decay,0.08,True
234,0.85,"[30, 30, 30]",0.0001,fixed,0.008,False
235,0.65,"[60, 30]",0.00025,linear_decay,0.06,False
236,0.75,"[60, 30]",0.00025,linear_decay,0.06,False
237,0.8,"[30, 30, 30]",0.001,linear_decay,0.06,False
238,0.9,"[60, 30]",5e-05,fixed,0.004,False
239,0.6,"[30, 30, 30]",0.0001,linear_decay,0.1,True
240,0.75,"[60, 30]",0.0001,linear_decay,0.08,False
241,0.75,"[30, 30, 30]",0.0001,linear_decay,0.08,True
242,0.9,"[60, 30]",0.0005,fixed,0.008,True
243,0.7,"[30, 30, 30]",0.0001,linear_decay,0.05,True
244,0.65,"[30, 30, 30]",0.00025,linear_decay,0.1,True
245,0.6,"[60, 30]",0.0005,linear_decay,0.08,True
246,0.65,"[60, 30]",0.0005,linear_decay,0.06,True
247,0.7,"[60, 30]",0.0005,linear_decay,0.1,False
248,0.75,"[30, 30, 30]",0.00025,linear_decay,0.05,False
249,0.8,"[30, 30, 30]",0.0005,linear_decay,0.08,True
250,0.65,"[60, 30]",0.0001,linear_decay,0.1,True
251,0.7,"[60, 30]",0.00025,linear_decay,0.05,False
252,0.65,"[30, 30, 30]",0.0005,linear_decay,0.05,True
253,0.85,"[30, 30, 30]",0.0001,linear_decay,0.04,False
254,0.8,"[30, 30, 30]",0.00025,linear_decay,0.08,False
255,0.85,"[60, 30]",0.0001,fixed,0.01,False
256,0.85,"[30, 30, 30]",0.0005,linear_decay,0.04,False
257,0.65,"[30, 30, 30]",0.00025,linear_decay,0.06,False
258,0.85,"[60, 30]",0.00025,fixed,0.01,False
259,0.75,"[60, 30]",0.0005,linear_decay,0.05,True
260,0.7,"[60, 30]",0.00025,linear_decay,0.04,False
261,0.85,"[60, 30]",0.0001,linear_decay,0.05,True
262,0.75,"[30, 30, 30]",0.00025,linear_decay,0.04,True
263,0.65,"[60, 30]",0.001,linear_decay,0.1,False
264,0.75,"[30, 30, 30]",5e-05,fixed,0.006,True
265,0.85,"[60, 30]",0.001,linear_decay,0.04,False
266,0.75,"[30, 30, 30]",0.0005,linear_decay,0.04,True
267,0.9,"[30, 30, 30]",0.00025,fixed,0.008,True
268,0.8,"[30, 30, 30]",0.001,linear_decay,0.05,True
269,0.8,"[60, 30]",0.001,linear_decay,0.06,False
270,0.75,"[30, 30, 30]",0.0001,linear_decay,0.04,True
271,0.85,"[60, 30]",0.00025,linear_decay,0.04,True
272,0.6,"[60, 30]",0.0001,linear_decay,0.05,False
273,0.65,"[30, 30, 30]",0.0001,linear_decay,0.1,False
274,0.85,"[30, 30, 30]",0.0001,fixed,0.006,False
275,0.65,"[30, 30, 30]",0.0001,linear_decay,0.04,False
276,0.75,"[30, 30, 30]",0.0001,fixed,0.01,False
277,0.75,"[60, 30]",0.0005,linear_decay,0.06,True
278,0.9,"[30, 30, 30]",0.0001,fixed,0.004,True
279,0.65,"[30, 30, 30]",0.00025,linear_decay,0.05,False
280,0.75,"[30, 30, 30]",0.0001,linear_decay,0.05,False
281,0.9,"[60, 30]",0.00025,fixed,0.006,True
282,0.8,"[60, 30]",0.00025,linear_decay,0.08,True
283,0.9,"[30, 30, 30]",0.0005,fixed,0.006,False
284,0.75,"[30, 30, 30]",5e-05,fixed,0.01,False
285,0.9,"[30, 30, 30]",0.00025,fixed,0.006,True
286,0.75,"[30, 30, 30]",0.001,linear_decay,0.12,False
287,0.7,"[30, 30, 30]",5e-05,fixed,0.01,False
288,0.7,"[60, 30]",0.001,linear_decay,0.12,False
289,0.7,"[30, 30, 30]",0.0001,linear_decay,0.08,False
290,0.8,"[60, 30]",0.001,linear_decay,0.12,False
291,0.65,"[30, 30, 30]",0.0005,linear_decay,0.06,False
292,0.6,"[30, 30, 30]",0.00025,linear_decay,0.06,False
293,0.65,"[60, 30]",0.001,linear_decay,0.12,False
294,0.9,"[30, 30, 30]",5e-05,fixed,0.006,True
295,0.75,"[60, 30]",0.0001,linear_decay,0.12,False
296,0.8,"[30, 30, 30]",0.0005,linear_decay,0.05,False
297,0.75,"[60, 30]",0.0001,linear_decay,0.05,True
298,0.65,"[30, 30, 30]",0.0005,linear_decay,0.1,False
299,0.7,"[60, 30]",0.0005,linear_decay,0.06,True
300,0.7,"[60, 30]",0.0005,linear_decay,0.06,False
301,0.65,"[60, 30]",0.0001,linear_decay,0.05,False
302,0.7,"[30, 30, 30]",0.001,linear_decay,0.06,False
303,0.8,"[30, 30, 30]",0.0001,linear_decay,0.05,True
304,0.75,"[60, 30]",0.001,linear_decay,0.1,True
305,0.8,"[30, 30, 30]",0.0001,linear_decay,0.08,False
306,0.9,"[30, 30, 30]",0.0005,fixed,0.008,True
307,0.85,"[30, 30, 30]",0.001,linear_decay,0.05,True
308,0.8,"[30, 30, 30]",0.00025,linear_decay,0.12,False
309,0.75,"[60, 30]",0.001,linear_decay,0.06,True
310,0.65,"[60, 30]",0.00025,linear_decay,0.1,True
311,0.75,"[60, 30]",0.0001,linear_decay,0.04,True
312,0.85,"[30, 30, 30]",0.0001,fixed,0.004,False
313,0.7,"[30, 30, 30]",0.00025,linear_decay,0.06,True
314,0.75,"[30, 30, 30]",0.001,linear_decay,0.05,True
315,0.65,"[30, 30, 30]",0.00025,linear_decay,0.12,False
316,0.85,"[60, 30]",0.0001,fixed,0.006,False
317,0.9,"[60, 30]",0.0005,fixed,0.008,False
318,0.6,"[30, 30, 30]",0.001,linear_decay,0.12,False
319,0.65,"[30, 30, 30]",0.001,linear_decay,0.1,False
320,0.6,"[30, 30, 30]",0.00025,linear_decay,0.05,False
321,0.65,"[60, 30]",0.00025,linear_decay,0.05,False
322,0.6,"[30, 30, 30]",0.0005,linear_decay,0.08,False
323,0.7,"[60, 30]",0.0005,linear_decay,0.04,False
324,0.8,"[60, 30]",0.0005,linear_decay,0.05,True
325,0.7,"[60, 30]",0.00025,linear_decay,0.08,True
326,0.8,"[60, 30]",0.00025,linear_decay,0.12,False
327,0.8,"[60, 30]",0.0001,linear_decay,0.06,True
328,0.8,"[30, 30, 30]",0.0001,linear_decay,0.04,False
329,0.8,"[30, 30, 30]",0.001,linear_decay,0.05,False
330,0.65,"[30, 30, 30]",0.00025,linear_decay,0.05,True
331,0.85,"[60, 30]",5e-05,fixed,0.006,True
332,0.7,"[60, 30]",0.0001,linear_decay,0.05,True
333,0.9,"[30, 30, 30]",0.00025,fixed,0.004,False
334,0.75,"[30, 30, 30]",0.0001,fixed,0.008,False
335,0.75,"[60, 30]",0.0005,linear_decay,0.1,True
336,0.75,"[60, 30]",0.00025,linear_decay,0.04,True
337,0.9,"[30, 30, 30]",0.00025,fixed,0.004,True
338,0.75,"[60, 30]",0.00025,linear_decay,0.1,False
339,0.6,"[30, 30, 30]",0.00025,linear_decay,0.12,False
340,0.8,"[30, 30, 30]",5e-05,fixed,0.006,False
341,0.85,"[30, 30, 30]",0.001,linear_decay,0.12,False
342,0.85,"[30, 30, 30]",0.0001,fixed,0.01,False
343,0.75,"[30, 30, 30]",0.001,linear_decay,0.06,True
344,0.7,"[60, 30]",0.0005,linear_decay,0.12,True
345,0.75,"[30, 30, 30]",0.001,linear_decay,0.1,False
346,0.6,"[30, 30, 30]",0.0005,linear_decay,0.06,True
347,0.75,"[30, 30, 30]",0.0001,linear_decay,0.06,False
348,0.85,"[60, 30]",0.0005,linear_decay,0.04,True
349,0.75,"[30, 30, 30]",0.00025,linear_decay,0.08,False
350,0.85,"[30, 30, 30]",0.00025,fixed,0.01,False
351,0.6,"[60, 30]",0.0005,linear_decay,0.06,False
352,0.75,"[30, 30, 30]",0.0001,linear_decay,0.04,False
353,0.75,"[30, 30, 30]",5e-05,fixed,0.008,False
354,0.7,"[30, 30, 30]",0.00025,linear_decay,0.1,False
355,0.7,"[30, 30, 30]",0.0001,linear_decay,0.06,True
356,0.7,"[60, 30]",0.0001,linear_decay,0.04,True
357,0.8,"[60, 30]",0.00025,linear_decay,0.06,True
358,0.9,"[60, 30]",0.0005,fixed,0.006,False
359,0.65,"[30, 30, 30]",0.00025,linear_decay,0.04,True
360,0.8,"[60, 30]",5e-05,fixed,0.01,False
361,0.85,"[30, 30, 30]",0.0001,fixed,0.004,True
362,0.85,"[30, 30, 30]",5e-05,fixed,0.004,True
363,0.75,"[30, 30, 30]",0.0005,linear_decay,0.05,True
364,0.9,"[60, 30]",0.0005,fixed,0.006,True
365,0.7,"[30, 30, 30]",0.001,linear_decay,0.12,False
366,0.75,"[60, 30]",0.0005,linear_decay,0.04,True
367,0.8,"[30, 30, 30]",0.0001,linear_decay,0.05,False
368,0.8,"[60, 30]",0.0001,fixed,0.008,True
369,0.85,"[30, 30, 30]",5e-05,fixed,0.006,True
370,0.7,"[30, 30, 30]",0.001,linear_decay,0.1,True
371,0.8,"[30, 30, 30]",0.001,linear_decay,0.04,True
372,0.8,"[30, 30, 30]",0.0005,fixed,0.01,False
373,0.75,"[30, 30, 30]",0.00025,fixed,0.01,False
374,0.85,"[30, 30, 30]",0.00025,fixed,0.006,False
375,0.85,"[30, 30, 30]",0.001,linear_decay,0.04,False
376,0.85,"[30, 30, 30]",5e-05,fixed,0.008,False
377,0.65,"[60, 30]",0.00025,linear_decay,0.04,False
378,0.7,"[60, 30]",0.00025,linear_decay,0.05,True
379,0.85,"[60, 30]",0.0005,fixed,0.01,False
380,0.8,"[60, 30]",0.001,linear_decay,0.04,False
381,0.75,"[30, 30, 30]",0.0001,linear_decay,0.05,True
382,0.9,"[60, 30]",0.0001,fixed,0.004,False
383,0.85,"[60, 30]",0.00025,fixed,0.008,True
384,0.7,"[30, 30, 30]",5e-05,fixed,0.006,True
385,0.8,"[60, 30]",0.0001,fixed,0.008,False
386,0.75,"[30, 30, 30]",0.001,linear_decay,0.08,True
387,0.75,"[60, 30]",0.0005,linear_decay,0.04,False
388,0.75,"[60, 30]",0.001,linear_decay,0.06,False
389,0.8,"[60, 30]",5e-05,fixed,0.006,True
390,0.8,"[30, 30, 30]",0.0001,linear_decay,0.04,True
391,0.7,"[60, 30]",0.0005,linear_decay,0.05,True
392,0.7,"[30, 30, 30]",5e-05,fixed,0.01,True
393,0.65,"[30, 30, 30]",0.0001,linear_decay,0.06,True
394,0.8,"[30, 30, 30]",0.00025,fixed,0.008,True
395,0.75,"[60, 30]",5e-05,fixed,0.01,False
396,0.8,"[30, 30, 30]",0.001,linear_decay,0.12,False
397,0.8,"[60, 30]",0.0001,linear_decay,0.1,True
398,0.6,"[60, 30]",0.0001,linear_decay,0.05,True
399,0.7,"[30, 30, 30]",0.0005,linear_decay,0.06,True
400,0.65,"[60, 30]",0.00025,linear_decay,0.05,True
401,0.7,"[30, 30, 30]",0.0005,linear_decay,0.06,False
402,0.65,"[30, 30, 30]",0.0001,linear_decay,0.08,True
403,0.75,"[60, 30]",0.0001,fixed,0.008,False
404,0.75,"[30, 30, 30]",0.00025,fixed,0.008,False
405,0.9,"[60, 30]",0.00025,fixed,0.004,False
406,0.65,"[30, 30, 30]",0.0005,linear_decay,0.05,False
407,0.8,"[60, 30]",0.0001,fixed,0.006,False
408,0.75,"[30, 30, 30]",0.001,linear_decay,0.06,False
409,0.65,"[30, 30, 30]",0.00025,linear_decay,0.12,True
410,0.8,"[30, 30, 30]",5e-05,fixed,0.008,False
411,0.9,"[60, 30]",0.0001,fixed,0.006,False
412,0.85,"[30, 30, 30]",0.00025,linear_decay,0.06,False
413,0.75,"[60, 30]",0.001,linear_decay,0.1,False
414,0.6,"[60, 30]",0.00025,linear_decay,0.05,False
415,0.9,"[60, 30]",5e-05,fixed,0.008,True
416,0.8,"[60, 30]",5e-05,fixed,0.008,False
417,0.8,"[30, 30, 30]",0.00025,linear_decay,0.08,True
418,0.6,"[60, 30]",0.0005,linear_decay,0.1,True
419,0.6,"[30, 30, 30]",0.0001,linear_decay,0.05,False
420,0.65,"[30, 30, 30]",0.0001,linear_decay,0.12,False
421,0.7,"[30, 30, 30]",0.001,linear_decay,0.04,True
422,0.9,"[30, 30, 30]",0.0005,fixed,0.01,False
423,0.9,"[60, 30]",0.00025,fixed,0.006,False
424,0.6,"[60, 30]",0.00025,linear_decay,0.04,False
425,0.7,"[60, 30]",0.0001,linear_decay,0.04,False
426,0.7,"[30, 30, 30]",0.0001,linear_decay,0.04,True
427,0.6,"[60, 30]",0.0001,linear_decay,0.06,False
428,0.6,"[30, 30, 30]",0.0001,linear_decay,0.06,True
429,0.6,"[30, 30, 30]",0.0001,linear_decay,0.04,True
430,0.75,"[30, 30, 30]",0.0001,fixed,0.006,True
431,0.8,"[30, 30, 30]",0.00025,fixed,0.008,False
432,0.8,"[30, 30, 30]",0.00025,fixed,0.01,False
433,0.8,"[30, 30, 30]",0.0005,linear_decay,0.12,False
434,0.65,"[30, 30, 30]",0.001,linear_decay,0.06,True
435,0.8,"[30, 30, 30]",0.0005,linear_decay,0.08,False
436,0.9,"[30, 30, 30]",5e-05,fixed,0.004,False
437,0.6,"[30, 30, 30]",0.0001,linear_decay,0.05,True
438,0.8,"[60, 30]",0.0001,fixed,0.01,False
439,0.9,"[30, 30, 30]",0.0005,fixed,0.004,False
440,0.65,"[30, 30, 30]",0.00025,linear_decay,0.08,False
441,0.8,"[30, 30, 30]",5e-05,fixed,0.01,False
442,0.85,"[60, 30]",5e-05,fixed,0.008,True
443,0.8,"[60, 30]",0.00025,linear_decay,0.04,True
444,0.85,"[60, 30]",0.0001,linear_decay,0.06,True
445,0.65,"[60, 30]",0.0001,linear_decay,0.04,False
446,0.75,"[60, 30]",0.0001,fixed,0.01,False
447,0.75,"[60, 30]",0.001,linear_decay,0.12,True
448,0.85,"[60, 30]",0.0001,linear_decay,0.08,False
449,0.6,"[30, 30, 30]",0.0001,linear_decay,0.06,False
450,0.7,"[60, 30]",0.001,linear_decay,0.06,False
451,0.65,"[60, 30]",0.00025,linear_decay,0.04,True
452,0.7,"[30, 30, 30]",0.0001,linear_decay,0.08,True
453,0.7,"[30, 30, 30]",0.0005,linear_decay,0.04,True
454,0.75,"[60, 30]",0.001,linear_decay,0.05,True
455,0.8,"[60, 30]",0.0001,linear_decay,0.04,True
456,0.75,"[30, 30, 30]",0.0001,fixed,0.008,True
457,0.8,"[60, 30]",0.0001,linear_decay,0.08,False
458,0.6,"[30, 30, 30]",0.0005,linear_decay,0.05,True
459,0.8,"[60, 30]",0.00025,fixed,0.008,False
460,0.9,"[30, 30, 30]",0.0001,fixed,0.008,True
461,0.75,"[30, 30, 30]",0.001,linear_decay,0.05,False
462,0.8,"[30, 30, 30]",0.0001,fixed,0.004,False
463,0.9,"[30, 30, 30]",0.0001,fixed,0.008,False
464,0.85,"[60, 30]",0.0001,fixed,0.006,True
465,0.7,"[30, 30, 30]",0.0001,fixed,0.008,True
466,0.75,"[60, 30]",0.001,linear_decay,0.05,False
467,0.85,"[30, 30, 30]",0.0001,fixed,0.008,True
468,0.6,"[60, 30]",0.0001,linear_decay,0.04,False
469,0.9,"[60, 30]",5e-05,fixed,0.004,True
470,0.85,"[60, 30]",0.001,linear_decay,0.12,False
471,0.85,"[30, 30, 30]",5e-05,fixed,0.006,False
472,0.6,"[60, 30]",0.0005,linear_decay,0.08,False
473,0.7,"[30, 30, 30]",0.0001,fixed,0.01,False
474,0.6,"[30, 30, 30]",0.00025,linear_decay,0.04,True
475,0.6,"[30, 30, 30]",0.0005,linear_decay,0.06,False
476,0.6,"[30, 30, 30]",0.001,linear_decay,0.08,False
477,0.7,"[30, 30, 30]",0.00025,fixed,0.01,True
478,0.8,"[60, 30]",5e-05,fixed,0.006,False
479,0.65,"[60, 30]",0.0001,linear_decay,0.04,True
480,0.8,"[30, 30, 30]",0.00025,fixed,0.006,False
481,0.7,"[30, 30, 30]",0.0005,linear_decay,0.08,True
482,0.65,"[30, 30, 30]",0.001,linear_decay,0.08,True
483,0.65,"[60, 30]",0.001,linear_decay,0.05,True
484,0.85,"[60, 30]",0.001,linear_decay,0.1,False
485,0.65,"[30, 30, 30]",0.00025,linear_decay,0.04,False
486,0.6,"[30, 30, 30]",0.0005,linear_decay,0.04,False
487,0.75,"[60, 30]",5e-05,fixed,0.008,False
488,0.9,"[30, 30, 30]",0.0001,fixed,0.006,False
489,0.9,"[60, 30]",0.0001,fixed,0.004,True
490,0.6,"[60, 30]",0.00025,linear_decay,0.04,True
491,0.85,"[30, 30, 30]",5e-05,fixed,0.01,False
492,0.65,"[30, 30, 30]",0.0005,linear_decay,0.04,False
493,0.6,"[60, 30]",0.00025,linear_decay,0.06,True
494,0.75,"[30, 30, 30]",0.0001,fixed,0.006,False
495,0.85,"[30, 30, 30]",0.00025,fixed,0.004,False
496,0.65,"[60, 30]",0.0005,linear_decay,0.05,False
497,0.8,"[30, 30, 30]",0.0001,fixed,0.006,True
498,0.7,"[30, 30, 30]",0.0005,linear_decay,0.04,False
499,0.85,"[30, 30, 30]",0.00025,fixed,0.006,True
500,0.85,"[30, 30, 30]",0.0001,linear_decay,0.05,True
501,0.8,"[60, 30]",0.001,linear_decay,0.04,True
502,0.7,"[60, 30]",0.0001,fixed,0.01,False
503,0.8,"[30, 30, 30]",0.001,linear_decay,0.04,False
504,0.9,"[30, 30, 30]",0.0001,fixed,0.006,True
505,0.6,"[60, 30]",0.001,linear_decay,0.06,False
506,0.6,"[60, 30]",0.0005,linear_decay,0.06,True
507,0.65,"[30, 30, 30]",0.0001,linear_decay,0.04,True
508,0.8,"[60, 30]",0.0001,fixed,0.006,True
509,0.7,"[30, 30, 30]",0.00025,linear_decay,0.04,True
510,0.75,"[60, 30]",5e-05,fixed,0.008,True
511,0.9,"[30, 30, 30]",0.001,fixed,0.01,False
512,0.8,"[60, 30]",0.001,linear_decay,0.1,False
513,0.85,"[60, 30]",0.0005,linear_decay,0.08,True
514,0.85,"[30, 30, 30]",0.0005,linear_decay,0.04,True
515,0.85,"[30, 30, 30]",0.001,linear_decay,0.04,True
516,0.8,"[30, 30, 30]",0.0001,fixed,0.008,True
517,0.85,"[30, 30, 30]",0.0005,fixed,0.006,False
518,0.85,"[60, 30]",0.00025,fixed,0.008,False
519,0.85,"[60, 30]",0.0001,fixed,0.008,True
520,0.75,"[60, 30]",0.0001,linear_decay,0.1,True
521,0.65,"[30, 30, 30]",0.001,linear_decay,0.06,False
522,0.65,"[30, 30, 30]",0.001,linear_decay,0.12,False
523,0.85,"[30, 30, 30]",0.0005,fixed,0.01,False
524,0.75,"[60, 30]",0.00025,fixed,0.01,False
525,0.7,"[60, 30]",5e-05,fixed,0.01,False
526,0.9,"[30, 30, 30]",5e-05,fixed,0.004,True
527,0.85,"[30, 30, 30]",5e-05,fixed,0.004,False
528,0.9,"[60, 30]",0.0001,fixed,0.01,False
529,0.9,"[30, 30, 30]",0.001,fixed,0.008,False
530,0.9,"[60, 30]",0.0005,fixed,0.01,False
531,0.65,"[60, 30]",0.0001,linear_decay,0.12,True
532,0.9,"[60, 30]",0.00025,fixed,0.004,True
533,0.75,"[60, 30]",0.0001,fixed,0.008,True
534,0.75,"[30, 30, 30]",5e-05,fixed,0.006,False
535,0.85,"[30, 30, 30]",0.0005,fixed,0.008,True
536,0.9,"[30, 30, 30]",0.00025,fixed,0.006,False
537,0.7,"[30, 30, 30]",0.001,linear_decay,0.04,False
538,0.9,"[30, 30, 30]",5e-05,fixed,0.01,False
539,0.8,"[30, 30, 30]",5e-05,fixed,0.004,True
540,0.85,"[60, 30]",5e-05,fixed,0.006,False
541,0.75,"[30, 30, 30]",0.001,linear_decay,0.04,True
542,0.75,"[30, 30, 30]",0.00025,fixed,0.008,True
543,0.7,"[30, 30, 30]",0.001,linear_decay,0.05,True
544,0.85,"[60, 30]",0.0005,linear_decay,0.1,False
545,0.75,"[60, 30]",0.001,linear_decay,0.04,False
546,0.8,"[60, 30]",0.00025,linear_decay,0.1,False
547,0.8,"[30, 30, 30]",5e-05,fixed,0.008,True
548,0.8,"[30, 30, 30]",0.0005,fixed,0.008,False
549,0.8,"[60, 30]",0.00025,fixed,0.008,True
550,0.6,"[30, 30, 30]",0.00025,linear_decay,0.04,False
551,0.65,"[60, 30]",0.001,linear_decay,0.08,True
552,0.6,"[60, 30]",0.001,linear_decay,0.08,True
553,0.9,"[30, 30, 30]",0.00025,fixed,0.01,False
554,0.85,"[30, 30, 30]",0.0005,fixed,0.008,False
555,0.75,"[30, 30, 30]",0.001,linear_decay,0.1,True
556,0.8,"[30, 30, 30]",0.0001,linear_decay,0.06,True
557,0.7,"[60, 30]",5e-05,fixed,0.01,True
558,0.85,"[30, 30, 30]",0.0001,fixed,0.006,True
559,0.6,"[60, 30]",0.00025,linear_decay,0.05,True
560,0.75,"[30, 30, 30]",5e-05,fixed,0.008,True
561,0.6,"[30, 30, 30]",0.00025,linear_decay,0.12,True
562,0.6,"[30, 30, 30]",0.0001,linear_decay,0.04,False
563,0.65,"[30, 30, 30]",0.001,linear_decay,0.05,True
564,0.9,"[60, 30]",0.001,fixed,0.008,False
565,0.6,"[60, 30]",0.0001,linear_decay,0.12,True
566,0.8,"[60, 30]",0.001,linear_decay,0.05,True
567,0.65,"[60, 30]",0.0001,linear_decay,0.05,True
568,0.7,"[60, 30]",0.0001,fixed,0.01,True
569,0.7,"[30, 30, 30]",0.001,linear_decay,0.05,False
570,0.7,"[30, 30, 30]",0.0005,linear_decay,0.05,False
571,0.85,"[30, 30, 30]",0.0005,fixed,0.006,True
572,0.75,"[60, 30]",0.0001,fixed,0.006,False
573,0.8,"[60, 30]",0.0001,linear_decay,0.1,False
574,0.85,"[60, 30]",0.0005,fixed,0.008,False
575,0.6,"[30, 30, 30]",0.0005,linear_decay,0.05,False
576,0.85,"[60, 30]",0.0001,fixed,0.004,False
577,0.65,"[60, 30]",0.0005,linear_decay,0.05,True
578,0.85,"[30, 30, 30]",0.001,linear_decay,0.06,False
579,0.65,"[30, 30, 30]",0.001,linear_decay,0.08,False
580,0.7,"[60, 30]",5e-05,fixed,0.008,False
581,0.85,"[60, 30]",0.00025,fixed,0.006,True
582,0.85,"[30, 30, 30]",0.001,linear_decay,0.05,False
583,0.6,"[60, 30]",0.001,linear_decay,0.12,False
584,0.6,"[60, 30]",0.0001,linear_decay,0.04,True
585,0.7,"[60, 30]",0.001,linear_decay,0.05,False
586,0.6,"[60, 30]",0.0005,linear_decay,0.05,True
587,0.75,"[30, 30, 30]",0.0005,linear_decay,0.1,True
588,0.7,"[60, 30]",0.0005,linear_decay,0.04,True
589,0.85,"[30, 30, 30]",0.0005,linear_decay,0.12,False
590,0.6,"[60, 30]",0.001,linear_decay,0.08,False
591,0.85,"[30, 30, 30]",5e-05,fixed,0.008,True
592,0.6,"[60, 30]",0.001,linear_decay,0.12,True
593,0.6,"[60, 30]",0.0005,linear_decay,0.05,False
594,0.7,"[30, 30, 30]",0.00025,fixed,0.01,False
595,0.75,"[30, 30, 30]",0.00025,fixed,0.006,False
596,0.85,"[60, 30]",0.0001,fixed,0.004,True
597,0.85,"[60, 30]",0.00025,linear_decay,0.08,True
598,0.7,"[60, 30]",0.001,linear_decay,0.05,True
599,0.75,"[30, 30, 30]",0.00025,fixed,0.006,True
600,0.85,"[30, 30, 30]",0.0001,linear_decay,0.04,True
601,0.85,"[30, 30, 30]",0.0005,linear_decay,0.08,True
602,0.6,"[60, 30]",0.001,linear_decay,0.1,True
603,0.8,"[30, 30, 30]",0.0001,fixed,0.006,False
604,0.8,"[30, 30, 30]",0.0005,fixed,0.008,True
605,0.8,"[30, 30, 30]",5e-05,fixed,0.006,True
606,0.7,"[60, 30]",0.001,linear_decay,0.06,True
607,0.9,"[30, 30, 30]",5e-05,fixed,0.008,False
608,0.8,"[60, 30]",5e-05,fixed,0.008,True
609,0.8,"[30, 30, 30]",0.00025,fixed,0.006,True
610,0.7,"[60, 30]",0.0001,linear_decay,0.1,True
611,0.85,"[30, 30, 30]",0.0001,linear_decay,0.06,False
612,0.9,"[30, 30, 30]",5e-05,fixed,0.002,True
613,0.9,"[30, 30, 30]",0.00025,fixed,0.002,True
614,0.75,"[60, 30]",0.00025,fixed,0.008,False
615,0.6,"[30, 30, 30]",0.001,linear_decay,0.1,False
616,0.7,"[60, 30]",0.001,linear_decay,0.1,True
617,0.85,"[30, 30, 30]",0.0001,linear_decay,0.1,False
618,0.65,"[60, 30]",0.001,linear_decay,0.06,True
619,0.8,"[60, 30]",0.00025,fixed,0.01,False
620,0.7,"[30, 30, 30]",0.0001,fixed,0.01,True
621,0.75,"[30, 30, 30]",5e-05,fixed,0.004,False
622,0.6,"[30, 30, 30]",0.0005,linear_decay,0.04,True
623,0.6,"[30, 30, 30]",0.001,linear_decay,0.06,True
624,0.7,"[60, 30]",0.00025,fixed,0.01,False
625,0.8,"[30, 30, 30]",5e-05,fixed,0.004,False
626,0.7,"[30, 30, 30]",5e-05,fixed,0.006,False
627,0.8,"[30, 30, 30]",0.0001,linear_decay,0.12,False
628,0.7,"[60, 30]",0.0001,fixed,0.008,False
629,0.75,"[60, 30]",0.0001,fixed,0.006,True
630,0.8,"[30, 30, 30]",0.0001,linear_decay,0.1,False
631,0.7,"[30, 30, 30]",0.00025,fixed,0.008,False
632,0.8,"[60, 30]",0.0001,linear_decay,0.08,True
633,0.85,"[30, 30, 30]",0.00025,linear_decay,0.08,False
634,0.7,"[30, 30, 30]",0.0001,fixed,0.008,False
635,0.8,"[60, 30]",0.00025,linear_decay,0.1,True
636,0.85,"[60, 30]",0.005,linear_decay,0.12,False
637,0.85,"[30, 30, 30]",5e-05,fixed,0.002,True
638,0.7,"[60, 30]",0.00025,linear_decay,0.04,True
639,0.85,"[60, 30]",5e-05,fixed,0.004,True
640,0.9,"[30, 30, 30]",0.0005,fixed,0.006,True
641,0.6,"[30, 30, 30]",0.001,linear_decay,0.05,False
642,0.6,"[60, 30]",0.001,linear_decay,0.06,True
643,0.85,"[60, 30]",0.0005,fixed,0.008,True
644,0.65,"[30, 30, 30]",0.0005,linear_decay,0.12,False
645,0.7,"[60, 30]",5e-05,fixed,0.006,False
646,0.6,"[60, 30]",0.00025,linear_decay,0.12,True
647,0.9,"[60, 30]",0.001,fixed,0.008,True
648,0.75,"[60, 30]",5e-05,fixed,0.006,False
649,0.9,"[60, 30]",0.001,fixed,0.01,False
650,0.85,"[30, 30, 30]",0.001,fixed,0.01,False
651,0.65,"[60, 30]",0.0005,linear_decay,0.04,False
652,0.65,"[60, 30]",0.001,linear_decay,0.06,False
653,0.85,"[60, 30]",0.00025,fixed,0.006,False
654,0.8,"[60, 30]",5e-05,fixed,0.004,False
655,0.85,"[60, 30]",0.00025,fixed,0.004,True
656,0.65,"[30, 30, 30]",0.0005,linear_decay,0.04,True
657,0.9,"[30, 30, 30]",0.0005,fixed,0.004,True
658,0.7,"[30, 30, 30]",5e-05,fixed,0.008,True
659,0.7,"[60, 30]",0.0001,fixed,0.008,True
660,0.7,"[30, 30, 30]",0.0001,fixed,0.004,True
661,0.6,"[60, 30]",0.0005,linear_decay,0.04,False
662,0.8,"[60, 30]",5e-05,fixed,0.004,True
663,0.65,"[60, 30]",0.001,linear_decay,0.08,False
664,0.9,"[60, 30]",0.0005,fixed,0.004,False
665,0.8,"[60, 30]",0.0005,fixed,0.01,False
666,0.85,"[30, 30, 30]",0.00025,linear_decay,0.1,False
667,0.85,"[30, 30, 30]",0.00025,fixed,0.004,True
668,0.65,"[60, 30]",0.0005,linear_decay,0.04,True
669,0.9,"[60, 30]",5e-05,fixed,0.002,True
670,0.8,"[30, 30, 30]",0.00025,fixed,0.004,True
671,0.75,"[60, 30]",0.00025,fixed,0.008,True
672,0.75,"[30, 30, 30]",0.0001,fixed,0.004,True
673,0.7,"[60, 30]",5e-05,fixed,0.006,True
674,0.75,"[60, 30]",0.001,linear_decay,0.04,True
675,0.6,"[30, 30, 30]",0.001,linear_decay,0.05,True
676,0.6,"[60, 30]",0.001,linear_decay,0.05,False
677,0.85,"[60, 30]",0.00025,fixed,0.004,False
678,0.7,"[30, 30, 30]",0.0005,fixed,0.01,True
679,0.65,"[60, 30]",0.001,linear_decay,0.05,False
680,0.6,"[30, 30, 30]",0.0001,linear_decay,0.1,False
681,0.7,"[60, 30]",0.00025,fixed,0.008,True
682,0.9,"[30, 30, 30]",0.0001,fixed,0.002,True
683,0.7,"[60, 30]",0.001,linear_decay,0.12,True
684,0.8,"[60, 30]",0.00025,fixed,0.006,True
685,0.8,"[60, 30]",0.00025,fixed,0.006,False
686,0.75,"[30, 30, 30]",0.0005,fixed,0.008,True
687,0.9,"[60, 30]",0.0005,fixed,0.004,True
688,0.75,"[30, 30, 30]",0.0001,linear_decay,0.1,False
689,0.85,"[60, 30]",0.00025,linear_decay,0.1,False
690,0.7,"[30, 30, 30]",5e-05,fixed,0.004,True
691,0.7,"[30, 30, 30]",0.00025,fixed,0.006,False
692,0.8,"[30, 30, 30]",0.00025,fixed,0.004,False
693,0.6,"[30, 30, 30]",0.001,linear_decay,0.1,True
694,0.8,"[30, 30, 30]",0.0005,linear_decay,0.1,False
695,0.85,"[60, 30]",5e-05,fixed,0.004,False
696,0.7,"[30, 30, 30]",0.0001,fixed,0.006,False
697,0.8,"[30, 30, 30]",0.001,linear_decay,0.08,True
698,0.7,"[30, 30, 30]",0.0001,fixed,0.006,True
699,0.85,"[60, 30]",0.00025,linear_decay,0.12,False
700,0.9,"[30, 30, 30]",0.001,fixed,0.006,False
701,0.85,"[60, 30]",0.0005,fixed,0.006,False
702,0.75,"[60, 30]",5e-05,fixed,0.006,True
703,0.65,"[60, 30]",0.001,linear_decay,0.1,True
704,0.7,"[60, 30]",0.001,linear_decay,0.04,False
705,0.75,"[60, 30]",0.005,linear_decay,0.12,False
706,0.7,"[30, 30, 30]",0.0001,fixed,0.004,False
707,0.65,"[30, 30, 30]",0.001,linear_decay,0.04,True
708,0.85,"[60, 30]",0.0005,fixed,0.006,True
709,0.7,"[30, 30, 30]",0.00025,fixed,0.008,True
710,0.7,"[30, 30, 30]",5e-05,fixed,0.008,False
711,0.85,"[30, 30, 30]",0.001,linear_decay,0.08,False
712,0.85,"[30, 30, 30]",0.005,linear_decay,0.1,False
713,0.7,"[60, 30]",0.00025,fixed,0.01,True
714,0.7,"[60, 30]",5e-05,fixed,0.008,True
715,0.85,"[30, 30, 30]",0.0005,linear_decay,0.08,False
716,0.75,"[60, 30]",5e-05,fixed,0.004,True
717,0.7,"[30, 30, 30]",0.001,linear_decay,0.1,False
718,0.8,"[30, 30, 30]",0.0001,linear_decay,0.08,True
719,0.65,"[30, 30, 30]",0.001,linear_decay,0.04,False
720,0.9,"[30, 30, 30]",0.001,fixed,0.006,True
721,0.75,"[30, 30, 30]",0.0001,fixed,0.004,False
722,0.6,"[60, 30]",0.001,linear_decay,0.05,True
723,0.75,"[30, 30, 30]",0.001,linear_decay,0.04,False
724,0.7,"[30, 30, 30]",0.00025,fixed,0.006,True
725,0.9,"[30, 30, 30]",0.001,fixed,0.008,True
726,0.65,"[30, 30, 30]",0.001,linear_decay,0.05,False
727,0.8,"[60, 30]",0.0001,fixed,0.004,False
728,0.85,"[60, 30]",0.001,fixed,0.01,False
729,0.6,"[60, 30]",0.0005,linear_decay,0.04,True
730,0.8,"[60, 30]",0.0005,fixed,0.008,True
731,0.8,"[60, 30]",0.0005,fixed,0.008,False
732,0.6,"[30, 30, 30]",0.001,linear_decay,0.06,False
733,0.8,"[30, 30, 30]",0.0005,fixed,0.006,True
734,0.75,"[60, 30]",5e-05,fixed,0.004,False
735,0.7,"[60, 30]",0.0001,fixed,0.006,True
736,0.7,"[30, 30, 30]",5e-05,fixed,0.004,False
737,0.85,"[60, 30]",0.0001,linear_decay,0.12,False
738,0.75,"[60, 30]",0.00025,fixed,0.006,False
739,0.75,"[30, 30, 30]",5e-05,fixed,0.004,True
740,0.85,"[30, 30, 30]",0.001,fixed,0.008,True
741,0.7,"[60, 30]",0.001,linear_decay,0.04,True
742,0.85,"[60, 30]",0.0001,linear_decay,0.08,True
743,0.8,"[60, 30]",0.005,linear_decay,0.08,False
744,0.7,"[30, 30, 30]",0.0005,fixed,0.01,False
745,0.8,"[30, 30, 30]",0.0001,fixed,0.004,True
746,0.9,"[60, 30]",0.0001,fixed,0.002,True
747,0.85,"[60, 30]",0.005,linear_decay,0.1,False
748,0.85,"[30, 30, 30]",0.001,fixed,0.008,False
749,0.75,"[30, 30, 30]",0.0005,fixed,0.01,False
750,0.85,"[30, 30, 30]",0.0001,fixed,0.002,True
751,0.65,"[30, 30, 30]",0.001,linear_decay,0.1,True
752,0.8,"[30, 30, 30]",0.0005,fixed,0.006,False
753,0.75,"[30, 30, 30]",0.0005,fixed,0.008,False
754,0.85,"[30, 30, 30]",0.0005,fixed,0.004,False
755,0.7,"[60, 30]",0.0005,fixed,0.01,True
756,0.65,"[60, 30]",0.001,linear_decay,0.04,False
757,0.85,"[30, 30, 30]",0.005,linear_decay,0.06,True
758,0.75,"[60, 30]",0.00025,fixed,0.006,True
759,0.7,"[60, 30]",0.00025,linear_decay,0.12,True
760,0.9,"[30, 30, 30]",0.0001,fixed,0.01,False
761,0.65,"[60, 30]",0.001,linear_decay,0.04,True
762,0.75,"[60, 30]",0.0001,fixed,0.004,True
763,0.7,"[60, 30]",0.0001,fixed,0.006,False
764,0.7,"[60, 30]",0.00025,fixed,0.006,True
765,0.75,"[60, 30]",0.0005,fixed,0.008,False
766,0.8,"[60, 30]",0.00025,fixed,0.004,True
767,0.9,"[60, 30]",0.001,fixed,0.006,True
768,0.75,"[30, 30, 30]",0.0001,linear_decay,0.12,False
769,0.7,"[30, 30, 30]",0.0005,fixed,0.008,True
770,0.85,"[30, 30, 30]",0.0005,fixed,0.004,True
771,0.8,"[60, 30]",0.00025,fixed,0.004,False
772,0.9,"[60, 30]",0.001,fixed,0.006,False
773,0.6,"[60, 30]",0.001,linear_decay,0.04,False
774,0.7,"[60, 30]",5e-05,fixed,0.004,False
775,0.6,"[30, 30, 30]",0.001,linear_decay,0.04,True
776,0.6,"[60, 30]",0.001,linear_decay,0.04,True
777,0.6,"[30, 30, 30]",0.001,linear_decay,0.08,True
778,0.7,"[60, 30]",0.00025,fixed,0.008,False
779,0.8,"[30, 30, 30]",0.005,linear_decay,0.06,True
780,0.85,"[60, 30]",0.0001,linear_decay,0.1,False
781,0.8,"[60, 30]",0.0001,fixed,0.004,True
782,0.6,"[30, 30, 30]",0.001,linear_decay,0.04,False
783,0.8,"[60, 30]",0.005,linear_decay,0.12,False
784,0.9,"[60, 30]",0.00025,fixed,0.002,True
785,0.7,"[60, 30]",0.0005,fixed,0.01,False
786,0.7,"[60, 30]",0.00025,fixed,0.006,False
787,0.85,"[60, 30]",5e-05,fixed,0.002,True
788,0.75,"[60, 30]",0.0001,fixed,0.004,False
789,0.75,"[60, 30]",0.0005,fixed,0.01,False
790,0.7,"[30, 30, 30]",0.00025,fixed,0.004,False
791,0.8,"[30, 30, 30]",0.001,fixed,0.01,False
792,0.85,"[60, 30]",0.005,linear_decay,0.08,True
793,0.85,"[30, 30, 30]",0.001,linear_decay,0.1,False
794,0.7,"[30, 30, 30]",0.00025,fixed,0.004,True
795,0.75,"[60, 30]",0.00025,fixed,0.004,True
796,0.7,"[30, 30, 30]",0.0005,fixed,0.008,False
797,0.8,"[60, 30]",0.0005,fixed,0.006,False
798,0.8,"[60, 30]",0.0005,fixed,0.006,True
799,0.75,"[30, 30, 30]",0.0005,fixed,0.006,False
800,0.85,"[60, 30]",0.005,linear_decay,0.06,False
801,0.7,"[60, 30]",0.0001,fixed,0.004,True
802,0.8,"[30, 30, 30]",0.005,linear_decay,0.06,False
803,0.85,"[30, 30, 30]",0.0005,linear_decay,0.1,False
804,0.85,"[60, 30]",0.005,linear_decay,0.05,False
805,0.75,"[30, 30, 30]",0.00025,fixed,0.004,True
806,0.85,"[30, 30, 30]",0.005,linear_decay,0.05,False
807,0.85,"[60, 30]",0.0005,fixed,0.004,False
808,0.8,"[30, 30, 30]",0.001,fixed,0.008,False
809,0.75,"[60, 30]",0.0005,fixed,0.008,True
810,0.85,"[60, 30]",0.001,fixed,0.008,False
811,0.75,"[60, 30]",0.005,linear_decay,0.1,False
812,0.8,"[60, 30]",0.005,linear_decay,0.08,True
813,0.75,"[30, 30, 30]",0.0001,linear_decay,0.1,True
814,0.8,"[30, 30, 30]",0.0005,fixed,0.004,True
815,0.8,"[30, 30, 30]",0.0001,fixed,0.002,True
816,0.85,"[60, 30]",0.0005,fixed,0.004,True
817,0.9,"[30, 30, 30]",0.001,fixed,0.004,False
818,0.9,"[30, 30, 30]",0.001,fixed,0.004,True
819,0.8,"[60, 30]",0.001,fixed,0.01,False
820,0.85,"[60, 30]",0.001,fixed,0.008,True
821,0.85,"[30, 30, 30]",0.0001,linear_decay,0.08,False
822,0.75,"[30, 30, 30]",0.00025,fixed,0.004,False
823,0.85,"[60, 30]",0.0001,fixed,0.002,True
824,0.7,"[60, 30]",0.0005,fixed,0.008,True
825,0.7,"[30, 30, 30]",0.005,linear_decay,0.1,False
826,0.75,"[60, 30]",0.0005,fixed,0.006,True
827,0.6,"[60, 30]",0.0005,linear_decay,0.12,True
828,0.8,"[30, 30, 30]",0.0005,fixed,0.004,False
829,0.85,"[60, 30]",0.005,linear_decay,0.06,True
830,0.65,"[60, 30]",0.005,linear_decay,0.12,False
831,0.75,"[30, 30, 30]",0.0001,fixed,0.002,True
832,0.8,"[60, 30]",5e-05,fixed,0.002,True
833,0.9,"[60, 30]",0.001,fixed,0.004,False
834,0.85,"[30, 30, 30]",0.00025,fixed,0.002,True
835,0.7,"[30, 30, 30]",0.0005,fixed,0.006,False
836,0.85,"[30, 30, 30]",0.005,linear_decay,0.05,True
837,0.75,"[60, 30]",0.00025,fixed,0.004,False
838,0.85,"[60, 30]",0.005,linear_decay,0.04,True
839,0.8,"[30, 30, 30]",0.001,fixed,0.008,True
840,0.75,"[30, 30, 30]",0.001,fixed,0.01,False
841,0.8,"[60, 30]",0.0001,linear_decay,0.12,False
842,0.8,"[30, 30, 30]",0.005,linear_decay,0.1,False
843,0.75,"[30, 30, 30]",0.0005,fixed,0.006,True
844,0.85,"[60, 30]",0.005,linear_decay,0.05,True
845,0.75,"[60, 30]",0.0005,fixed,0.006,False
846,0.85,"[60, 30]",0.005,linear_decay,0.04,False
847,0.85,"[30, 30, 30]",0.001,fixed,0.006,True
848,0.7,"[60, 30]",5e-05,fixed,0.004,True
849,0.7,"[60, 30]",0.0001,fixed,0.004,False
850,0.75,"[30, 30, 30]",0.001,fixed,0.008,True
851,0.85,"[60, 30]",0.005,linear_decay,0.08,False
852,0.8,"[60, 30]",0.005,linear_decay,0.1,True
853,0.75,"[60, 30]",0.005,linear_decay,0.08,False
854,0.8,"[30, 30, 30]",5e-05,fixed,0.002,True
855,0.85,"[30, 30, 30]",0.005,linear_decay,0.06,False
856,0.8,"[60, 30]",0.0001,fixed,0.002,True
857,0.7,"[60, 30]",0.005,linear_decay,0.1,True
858,0.8,"[60, 30]",0.005,linear_decay,0.06,True
859,0.8,"[30, 30, 30]",0.005,linear_decay,0.05,True
860,0.7,"[30, 30, 30]",0.005,linear_decay,0.12,False
861,0.7,"[60, 30]",0.0005,fixed,0.008,False
862,0.75,"[30, 30, 30]",0.005,linear_decay,0.08,True
863,0.75,"[30, 30, 30]",0.005,linear_decay,0.08,False
864,0.7,"[60, 30]",0.00025,fixed,0.004,False
865,0.75,"[30, 30, 30]",0.005,linear_decay,0.06,False
866,0.75,"[30, 30, 30]",5e-05,fixed,0.002,True
867,0.9,"[60, 30]",0.0005,fixed,0.002,True
868,0.85,"[30, 30, 30]",0.0001,linear_decay,0.12,False
869,0.85,"[60, 30]",0.001,fixed,0.006,False
870,0.85,"[30, 30, 30]",0.001,fixed,0.006,False
871,0.9,"[30, 30, 30]",0.0005,fixed,0.002,True
872,0.8,"[60, 30]",0.001,fixed,0.008,True
873,0.7,"[60, 30]",0.0005,fixed,0.006,False
874,0.8,"[60, 30]",0.001,fixed,0.008,False
875,0.7,"[60, 30]",0.005,linear_decay,0.1,False
876,0.7,"[30, 30, 30]",0.0005,fixed,0.006,True
877,0.7,"[60, 30]",0.00025,fixed,0.004,True
878,0.85,"[60, 30]",0.00025,fixed,0.002,True
879,0.75,"[30, 30, 30]",0.0005,fixed,0.004,True
880,0.75,"[60, 30]",5e-05,fixed,0.002,True
881,0.75,"[30, 30, 30]",0.001,fixed,0.008,False
882,0.6,"[60, 30]",0.005,linear_decay,0.12,False
883,0.85,"[60, 30]",0.001,fixed,0.006,True
884,0.8,"[60, 30]",0.0005,fixed,0.004,False
885,0.85,"[30, 30, 30]",0.005,linear_decay,0.04,True
886,0.8,"[30, 30, 30]",0.005,linear_decay,0.08,False
887,0.65,"[60, 30]",0.005,linear_decay,0.1,False
888,0.8,"[60, 30]",0.00025,fixed,0.002,True
889,0.75,"[30, 30, 30]",0.0005,fixed,0.004,False
890,0.9,"[60, 30]",0.001,fixed,0.004,True
891,0.8,"[60, 30]",0.0005,fixed,0.004,True
892,0.7,"[60, 30]",0.005,linear_decay,0.08,False
893,0.8,"[60, 30]",0.005,linear_decay,0.04,False
894,0.6,"[60, 30]",0.005,linear_decay,0.08,False
895,0.65,"[30, 30, 30]",0.005,linear_decay,0.1,True
896,0.75,"[60, 30]",0.001,fixed,0.01,False
897,0.7,"[60, 30]",0.005,linear_decay,0.08,True
898,0.6,"[30, 30, 30]",0.005,linear_decay,0.08,True
899,0.85,"[60, 30]",0.0005,linear_decay,0.12,True
900,0.7,"[60, 30]",0.0005,fixed,0.006,True
901,0.7,"[60, 30]",0.001,fixed,0.01,True
902,0.7,"[30, 30, 30]",0.001,fixed,0.01,False
903,0.8,"[30, 30, 30]",0.00025,fixed,0.002,True
904,0.7,"[30, 30, 30]",0.0005,fixed,0.004,True
905,0.85,"[30, 30, 30]",0.001,fixed,0.004,True
906,0.8,"[30, 30, 30]",0.001,fixed,0.006,True
907,0.75,"[60, 30]",0.005,linear_decay,0.06,True
908,0.85,"[30, 30, 30]",0.005,linear_decay,0.08,False
909,0.8,"[30, 30, 30]",0.001,fixed,0.006,False
910,0.7,"[30, 30, 30]",0.001,fixed,0.008,True
911,0.8,"[30, 30, 30]",0.005,linear_decay,0.04,False
912,0.75,"[60, 30]",0.0001,fixed,0.002,True
913,0.7,"[60, 30]",0.005,linear_decay,0.12,False
914,0.65,"[30, 30, 30]",0.005,linear_decay,0.1,False
915,0.75,"[30, 30, 30]",0.005,linear_decay,0.12,False
916,0.8,"[30, 30, 30]",0.005,linear_decay,0.12,False
917,0.6,"[30, 30, 30]",0.005,linear_decay,0.1,False
918,0.7,"[60, 30]",0.001,fixed,0.01,False
919,0.85,"[30, 30, 30]",0.0005,fixed,0.002,True
920,0.6,"[30, 30, 30]",0.005,linear_decay,0.08,False
921,0.75,"[60, 30]",0.005,linear_decay,0.06,False
922,0.75,"[30, 30, 30]",0.005,linear_decay,0.06,True
923,0.75,"[60, 30]",0.0005,fixed,0.004,True
924,0.8,"[60, 30]",0.005,linear_decay,0.06,False
925,0.7,"[30, 30, 30]",0.001,fixed,0.008,False
926,0.7,"[30, 30, 30]",0.005,linear_decay,0.06,False
927,0.6,"[60, 30]",0.005,linear_decay,0.1,False
928,0.85,"[30, 30, 30]",0.001,fixed,0.004,False
929,0.8,"[60, 30]",0.005,linear_decay,0.1,False
930,0.75,"[30, 30, 30]",0.005,linear_decay,0.05,False
931,0.6,"[60, 30]",0.005,linear_decay,0.08,True
932,0.85,"[30, 30, 30]",0.005,linear_decay,0.12,False
933,0.65,"[30, 30, 30]",0.005,linear_decay,0.12,False
934,0.75,"[60, 30]",0.001,fixed,0.008,False
935,0.75,"[60, 30]",0.001,fixed,0.008,True
936,0.7,"[30, 30, 30]",0.0005,fixed,0.004,False
937,0.8,"[60, 30]",0.005,linear_decay,0.04,True
938,0.7,"[60, 30]",0.005,linear_decay,0.06,True
939,0.65,"[60, 30]",0.005,linear_decay,0.08,False
940,0.75,"[30, 30, 30]",0.00025,fixed,0.002,True
941,0.75,"[60, 30]",0.0005,fixed,0.004,False
942,0.6,"[60, 30]",0.005,linear_decay,0.12,True
943,0.65,"[60, 30]",0.005,linear_decay,0.06,False
944,0.7,"[30, 30, 30]",0.001,fixed,0.01,True
945,0.75,"[30, 30, 30]",0.001,fixed,0.006,False
946,0.75,"[60, 30]",0.005,linear_decay,0.05,False
947,0.65,"[60, 30]",0.005,linear_decay,0.12,True
948,0.85,"[60, 30]",0.001,fixed,0.004,False
949,0.75,"[30, 30, 30]",0.005,linear_decay,0.04,True
950,0.8,"[60, 30]",0.001,fixed,0.006,True
951,0.8,"[60, 30]",0.001,fixed,0.006,False
952,0.6,"[60, 30]",0.005,linear_decay,0.1,True
953,0.6,"[30, 30, 30]",0.005,linear_decay,0.12,False
954,0.65,"[60, 30]",0.00025,linear_decay,0.12,True
955,0.7,"[60, 30]",0.005,linear_decay,0.05,False
956,0.7,"[30, 30, 30]",0.005,linear_decay,0.05,True
957,0.75,"[60, 30]",0.005,linear_decay,0.05,True
958,0.8,"[60, 30]",0.005,linear_decay,0.05,True
959,0.7,"[60, 30]",0.005,linear_decay,0.06,False
960,0.85,"[60, 30]",0.005,linear_decay,0.12,True
961,0.65,"[30, 30, 30]",0.005,linear_decay,0.08,False
962,0.75,"[60, 30]",0.005,linear_decay,0.1,True
963,0.75,"[60, 30]",0.00025,fixed,0.002,True
964,0.85,"[60, 30]",0.0005,fixed,0.002,True
965,0.75,"[30, 30, 30]",0.005,linear_decay,0.04,False
966,0.7,"[30, 30, 30]",0.005,linear_decay,0.05,False
967,0.7,"[60, 30]",0.001,fixed,0.008,False
968,0.8,"[30, 30, 30]",0.005,linear_decay,0.05,False
969,0.85,"[30, 30, 30]",0.005,linear_decay,0.04,False
970,0.7,"[60, 30]",0.0005,fixed,0.004,True
971,0.7,"[60, 30]",0.0005,fixed,0.004,False
972,0.7,"[30, 30, 30]",0.00025,linear_decay,0.1,True
973,0.7,"[30, 30, 30]",0.005,linear_decay,0.08,True
974,0.85,"[60, 30]",0.001,fixed,0.004,True
975,0.7,"[30, 30, 30]",0.005,linear_decay,0.08,False
976,0.75,"[60, 30]",0.005,linear_decay,0.04,True
977,0.75,"[30, 30, 30]",0.001,fixed,0.006,True
978,0.8,"[30, 30, 30]",0.001,fixed,0.004,False
979,0.7,"[60, 30]",0.001,fixed,0.008,True
980,0.7,"[30, 30, 30]",0.001,fixed,0.006,True
981,0.65,"[60, 30]",0.005,linear_decay,0.1,True
982,0.75,"[60, 30]",0.005,linear_decay,0.12,True
983,0.7,"[60, 30]",0.005,linear_decay,0.12,True
984,0.7,"[60, 30]",0.005,linear_decay,0.05,True
985,0.6,"[30, 30, 30]",0.005,linear_decay,0.06,False
986,0.75,"[30, 30, 30]",0.005,linear_decay,0.1,True
987,0.7,"[30, 30, 30]",0.001,fixed,0.006,False
988,0.75,"[60, 30]",0.001,fixed,0.006,True
989,0.75,"[60, 30]",0.001,fixed,0.006,False
990,0.8,"[30, 30, 30]",0.001,fixed,0.004,True
991,0.6,"[60, 30]",0.005,linear_decay,0.06,False
992,0.65,"[60, 30]",0.005,linear_decay,0.06,True
993,0.8,"[30, 30, 30]",0.005,linear_decay,0.04,True
994,0.85,"[30, 30, 30]",0.00025,linear_decay,0.12,False
995,0.7,"[30, 30, 30]",0.005,linear_decay,0.04,True
996,0.65,"[60, 30]",0.005,linear_decay,0.05,False
997,0.75,"[30, 30, 30]",0.005,linear_decay,0.1,False
998,0.6,"[60, 30]",0.005,linear_decay,0.06,True
999,0.9,"[30, 30, 30]",0.001,fixed,0.002,True
1000,0.8,"[30, 30, 30]",0.0005,fixed,0.002,True
1001,0.7,"[30, 30, 30]",0.005,linear_decay,0.04,False
1002,0.8,"[60, 30]",0.005,linear_decay,0.05,False
1003,0.85,"[60, 30]",0.0001,linear_decay,0.1,True
1004,0.65,"[30, 30, 30]",0.005,linear_decay,0.06,False
1005,0.8,"[60, 30]",0.001,fixed,0.004,True
1006,0.75,"[60, 30]",0.005,linear_decay,0.08,True
1007,0.7,"[60, 30]",0.001,fixed,0.006,False
1008,0.75,"[30, 30, 30]",0.001,fixed,0.004,False
1009,0.9,"[60, 30]",0.001,fixed,0.002,True
1010,0.65,"[30, 30, 30]",0.005,linear_decay,0.05,False
1011,0.7,"[60, 30]",0.005,linear_decay,0.04,False
1012,0.75,"[60, 30]",0.005,linear_decay,0.04,False
1013,0.65,"[60, 30]",0.005,linear_decay,0.05,True
1014,0.7,"[60, 30]",0.001,fixed,0.006,True
1015,0.6,"[60, 30]",0.005,linear_decay,0.05,True
1016,0.6,"[60, 30]",0.005,linear_decay,0.05,False
1017,0.8,"[60, 30]",0.001,fixed,0.004,False
1018,0.85,"[60, 30]",0.001,linear_decay,0.08,True
1019,0.65,"[60, 30]",0.005,linear_decay,0.04,True
1020,0.65,"[60, 30]",0.005,linear_decay,0.08,True
1021,0.7,"[60, 30]",0.005,linear_decay,0.04,True
1022,0.65,"[60, 30]",0.005,linear_decay,0.04,False
1023,0.65,"[30, 30, 30]",0.005,linear_decay,0.08,True
1024,0.7,"[30, 30, 30]",0.005,linear_decay,0.12,True
1025,0.65,"[30, 30, 30]",0.005,linear_decay,0.04,True
1026,0.8,"[60, 30]",0.0005,fixed,0.002,True
1027,0.85,"[60, 30]",0.0005,linear_decay,0.12,False
1028,0.75,"[30, 30, 30]",0.005,linear_decay,0.05,True
1029,0.75,"[30, 30, 30]",0.001,fixed,0.004,True
1030,0.65,"[30, 30, 30]",0.005,linear_decay,0.06,True
1031,0.75,"[30, 30, 30]",0.0005,fixed,0.002,True
1032,0.75,"[60, 30]",0.001,fixed,0.004,False
1033,0.75,"[60, 30]",0.001,fixed,0.004,True
1034,0.65,"[30, 30, 30]",0.005,linear_decay,0.04,False
1035,0.6,"[30, 30, 30]",0.005,linear_decay,0.04,False
1036,0.6,"[60, 30]",0.005,linear_decay,0.04,False
1037,0.75,"[60, 30]",0.0005,fixed,0.002,True
1038,0.7,"[30, 30, 30]",0.001,fixed,0.004,False
1039,0.6,"[30, 30, 30]",0.005,linear_decay,0.05,True
1040,0.7,"[30, 30, 30]",0.001,fixed,0.004,True
1041,0.6,"[30, 30, 30]",0.005,linear_decay,0.05,False
1042,0.85,"[30, 30, 30]",0.001,fixed,0.002,True
1043,0.7,"[30, 30, 30]",0.005,linear_decay,0.06,True
1044,0.65,"[30, 30, 30]",0.0005,linear_decay,0.12,True
1045,0.6,"[30, 30, 30]",0.005,linear_decay,0.04,True
1046,0.7,"[60, 30]",0.001,fixed,0.004,False
1047,0.7,"[60, 30]",0.001,fixed,0.004,True
1048,0.65,"[30, 30, 30]",0.005,linear_decay,0.05,True
1049,0.75,"[60, 30]",0.00025,linear_decay,0.1,True
1050,0.85,"[60, 30]",0.001,fixed,0.002,True
1051,0.7,"[30, 30, 30]",0.005,linear_decay,0.1,True
1052,0.6,"[60, 30]",0.005,linear_decay,0.04,True
1053,0.6,"[30, 30, 30]",0.005,linear_decay,0.1,True
1054,0.8,"[30, 30, 30]",0.001,fixed,0.002,True
1055,0.7,"[60, 30]",0.0001,linear_decay,0.12,True
1056,0.85,"[60, 30]",0.0005,linear_decay,0.1,True
1057,0.6,"[30, 30, 30]",0.005,linear_decay,0.06,True
1058,0.8,"[60, 30]",0.001,fixed,0.002,True
1059,0.6,"[30, 30, 30]",0.005,linear_decay,0.12,True
1060,0.75,"[60, 30]",0.001,fixed,0.002,True
1061,0.75,"[30, 30, 30]",0.001,fixed,0.002,True
1062,0.65,"[30, 30, 30]",0.001,linear_decay,0.12,True
1063,0.85,"[60, 30]",0.00025,linear_decay,0.1,True
1064,0.85,"[60, 30]",0.0001,linear_decay,0.12,True
1065,0.8,"[60, 30]",0.0001,linear_decay,0.12,True
1066,0.7,"[30, 30, 30]",0.0005,linear_decay,0.1,True
1067,0.85,"[30, 30, 30]",0.001,linear_decay,0.08,True
1068,0.85,"[30, 30, 30]",0.0001,linear_decay,0.08,True
1069,0.65,"[30, 30, 30]",0.0005,linear_decay,0.1,True
1070,0.65,"[60, 30]",0.0005,linear_decay,0.12,True
1071,0.65,"[60, 30]",0.001,linear_decay,0.12,True
1072,0.85,"[30, 30, 30]",0.005,linear_decay,0.1,True
1073,0.8,"[60, 30]",0.00025,linear_decay,0.12,True
1074,0.85,"[30, 30, 30]",0.005,linear_decay,0.08,True
1075,0.7,"[30, 30, 30]",0.0005,linear_decay,0.12,True
1076,0.8,"[30, 30, 30]",0.00025,linear_decay,0.1,True
1077,0.8,"[30, 30, 30]",0.005,linear_decay,0.1,True
1078,0.8,"[60, 30]",0.0005,linear_decay,0.1,True
1079,0.8,"[60, 30]",0.001,linear_decay,0.1,True
1080,0.75,"[60, 30]",0.0005,linear_decay,0.12,True
1081,0.8,"[60, 30]",0.005,linear_decay,0.12,True
1082,0.65,"[30, 30, 30]",0.0001,linear_decay,0.12,True
1083,0.85,"[30, 30, 30]",0.00025,linear_decay,0.1,True
1084,0.75,"[60, 30]",0.0001,linear_decay,0.12,True
1085,0.7,"[30, 30, 30]",0.00025,linear_decay,0.12,True
1086,0.85,"[30, 30, 30]",0.0005,linear_decay,0.1,True
1087,0.8,"[30, 30, 30]",0.0001,linear_decay,0.1,True
1088,0.85,"[30, 30, 30]",0.00025,linear_decay,0.08,True
1089,0.85,"[60, 30]",0.005,linear_decay,0.1,True
1090,0.75,"[60, 30]",0.00025,linear_decay,0.12,True
1091,0.7,"[30, 30, 30]",0.0001,linear_decay,0.1,True
1092,0.8,"[30, 30, 30]",0.005,linear_decay,0.08,True
1093,0.6,"[30, 30, 30]",0.001,linear_decay,0.12,True
1094,0.85,"[30, 30, 30]",0.0001,linear_decay,0.1,True
1095,0.8,"[60, 30]",0.001,linear_decay,0.12,True
1096,0.8,"[30, 30, 30]",0.001,linear_decay,0.1,True
1097,0.65,"[30, 30, 30]",0.005,linear_decay,0.12,True
1098,0.8,"[60, 30]",0.0005,linear_decay,0.12,True
1099,0.8,"[30, 30, 30]",0.001,linear_decay,0.12,True
1100,0.7,"[30, 30, 30]",0.001,linear_decay,0.12,True
1101,0.85,"[30, 30, 30]",0.001,linear_decay,0.1,True
1102,0.7,"[30, 30, 30]",0.0001,linear_decay,0.12,True
1103,0.85,"[60, 30]",0.00025,linear_decay,0.12,True
1104,0.85,"[60, 30]",0.001,linear_decay,0.12,True
1105,0.8,"[30, 30, 30]",0.0005,linear_decay,0.1,True
1106,0.75,"[30, 30, 30]",0.005,linear_decay,0.12,True
1107,0.8,"[30, 30, 30]",0.00025,linear_decay,0.12,True
1108,0.75,"[30, 30, 30]",0.0001,linear_decay,0.12,True
1109,0.85,"[30, 30, 30]",0.005,linear_decay,0.12,True
1110,0.8,"[30, 30, 30]",0.0005,linear_decay,0.12,True
1111,0.85,"[30, 30, 30]",0.0005,linear_decay,0.12,True
1112,0.8,"[30, 30, 30]",0.005,linear_decay,0.12,True
1113,0.75,"[30, 30, 30]",0.00025,linear_decay,0.12,True
1114,0.75,"[30, 30, 30]",0.0005,linear_decay,0.12,True
1115,0.75,"[30, 30, 30]",0.001,linear_decay,0.12,True
1116,0.8,"[30, 30, 30]",0.0001,linear_decay,0.12,True
1117,0.85,"[30, 30, 30]",0.001,linear_decay,0.12,True
1118,0.85,"[30, 30, 30]",0.0001,linear_decay,0.12,True
1119,0.85,"[30, 30, 30]",0.00025,linear_decay,0.12,True
